specialty,service,service_code,country,currency,hospital_cost,tashkheesa_price,doctor_commission,pricing_status,notes
Cardiology,"CT Coronary Angiography",CARD_CTCA,AE,AED,,1448.0,217.0,pending_pricing,"Awaiting regional pricing"
Cardiology,"CT Coronary Angiography",CARD_CTCA,BH,BHD,,148.8,22.3,pending_pricing,"Auto-converted from AED"
Cardiology,"CT Coronary Angiography",CARD_CTCA,EG,EGP,6900.0,7935.0,1190.3,active,
Cardiology,"CT Coronary Angiography",CARD_CTCA,GB,GBP,,317.0,48.0,pending_pricing,"Awaiting regional pricing"
Cardiology,"CT Coronary Angiography",CARD_CTCA,KW,KWD,,121.0,18.2,pending_pricing,"Auto-converted from AED"
Cardiology,"CT Coronary Angiography",CARD_CTCA,OM,OMR,,152.7,22.9,pending_pricing,"Auto-converted from AED"
Cardiology,"CT Coronary Angiography",CARD_CTCA,QA,QAR,,1438.0,216.0,pending_pricing,"Auto-converted from AED"
Cardiology,"CT Coronary Angiography",CARD_CTCA,SA,SAR,,1488.0,223.0,pending_pricing,"Awaiting regional pricing"
Cardiology,"CT Coronary Angiography",CARD_CTCA,US,USD,,397.0,60.0,pending_pricing,"Awaiting regional pricing"
Cardiology,"Calcium Score Review",card_calcium_score,AE,AED,,672.0,101.0,pending_pricing,"Awaiting regional pricing"
Cardiology,"Calcium Score Review",card_calcium_score,BH,BHD,,69.0,10.3,pending_pricing,"Auto-converted from AED"
Cardiology,"Calcium Score Review",card_calcium_score,EG,EGP,3200.0,3680.0,552.0,active,
Cardiology,"Calcium Score Review",card_calcium_score,GB,GBP,,147.0,22.0,pending_pricing,"Awaiting regional pricing"
Cardiology,"Calcium Score Review",card_calcium_score,KW,KWD,,56.1,8.4,pending_pricing,"Auto-converted from AED"
Cardiology,"Calcium Score Review",card_calcium_score,OM,OMR,,70.8,10.6,pending_pricing,"Auto-converted from AED"
Cardiology,"Calcium Score Review",card_calcium_score,QA,QAR,,667.0,100.0,pending_pricing,"Auto-converted from AED"
Cardiology,"Calcium Score Review",card_calcium_score,SA,SAR,,690.0,104.0,pending_pricing,"Awaiting regional pricing"
Cardiology,"Calcium Score Review",card_calcium_score,US,USD,,184.0,28.0,pending_pricing,"Awaiting regional pricing"
Cardiology,"Cardiac Catheterization Review",,,,,,,,
Cardiology,"Cardiac MRI (CMR)",CARD_CMR,AE,AED,,1532.0,230.0,pending_pricing,"Awaiting regional pricing"
Cardiology,"Cardiac MRI (CMR)",CARD_CMR,BH,BHD,,157.4,23.6,pending_pricing,"Auto-converted from AED"
Cardiology,"Cardiac MRI (CMR)",CARD_CMR,EG,EGP,7300.0,8395.0,1259.3,active,
Cardiology,"Cardiac MRI (CMR)",CARD_CMR,GB,GBP,,336.0,50.0,pending_pricing,"Awaiting regional pricing"
Cardiology,"Cardiac MRI (CMR)",CARD_CMR,KW,KWD,,128.0,19.2,pending_pricing,"Auto-converted from AED"
Cardiology,"Cardiac MRI (CMR)",CARD_CMR,OM,OMR,,161.6,24.2,pending_pricing,"Auto-converted from AED"
Cardiology,"Cardiac MRI (CMR)",CARD_CMR,QA,QAR,,1522.0,228.0,pending_pricing,"Auto-converted from AED"
Cardiology,"Cardiac MRI (CMR)",CARD_CMR,SA,SAR,,1574.0,236.0,pending_pricing,"Awaiting regional pricing"
Cardiology,"Cardiac MRI (CMR)",CARD_CMR,US,USD,,420.0,63.0,pending_pricing,"Awaiting regional pricing"
Cardiology,"ECG Review",,,,,,,,
Cardiology,"ECG interpretation (12-lead)",CARD_ECG,AE,AED,,105.0,16.0,pending_pricing,"Awaiting regional pricing"
Cardiology,"ECG interpretation (12-lead)",CARD_ECG,BH,BHD,,10.8,1.6,pending_pricing,"Auto-converted from AED"
Cardiology,"ECG interpretation (12-lead)",CARD_ECG,EG,EGP,500.0,575.0,86.3,active,
Cardiology,"ECG interpretation (12-lead)",CARD_ECG,GB,GBP,,23.0,3.0,pending_pricing,"Awaiting regional pricing"
Cardiology,"ECG interpretation (12-lead)",CARD_ECG,KW,KWD,,8.8,1.3,pending_pricing,"Auto-converted from AED"
Cardiology,"ECG interpretation (12-lead)",CARD_ECG,OM,OMR,,11.1,1.7,pending_pricing,"Auto-converted from AED"
Cardiology,"ECG interpretation (12-lead)",CARD_ECG,QA,QAR,,104.0,16.0,pending_pricing,"Auto-converted from AED"
Cardiology,"ECG interpretation (12-lead)",CARD_ECG,SA,SAR,,108.0,16.0,pending_pricing,"Awaiting regional pricing"
Cardiology,"ECG interpretation (12-lead)",CARD_ECG,US,USD,,29.0,4.0,pending_pricing,"Awaiting regional pricing"
Cardiology,"Echocardiogram (Echo)",CARD_ECHO,AE,AED,,252.0,38.0,pending_pricing,"Awaiting regional pricing"
Cardiology,"Echocardiogram (Echo)",CARD_ECHO,BH,BHD,,25.9,3.9,pending_pricing,"Auto-converted from AED"
Cardiology,"Echocardiogram (Echo)",CARD_ECHO,EG,EGP,1200.0,1380.0,207.0,active,
Cardiology,"Echocardiogram (Echo)",CARD_ECHO,GB,GBP,,55.0,8.0,pending_pricing,"Awaiting regional pricing"
Cardiology,"Echocardiogram (Echo)",CARD_ECHO,KW,KWD,,21.0,3.2,pending_pricing,"Auto-converted from AED"
Cardiology,"Echocardiogram (Echo)",CARD_ECHO,OM,OMR,,26.6,4.0,pending_pricing,"Auto-converted from AED"
Cardiology,"Echocardiogram (Echo)",CARD_ECHO,QA,QAR,,250.0,38.0,pending_pricing,"Auto-converted from AED"
Cardiology,"Echocardiogram (Echo)",CARD_ECHO,SA,SAR,,259.0,39.0,pending_pricing,"Awaiting regional pricing"
Cardiology,"Echocardiogram (Echo)",CARD_ECHO,US,USD,,69.0,10.0,pending_pricing,"Awaiting regional pricing"
Cardiology,"Echocardiogram Review",,,,,,,,
Cardiology,"Event Monitor Review",card_event_monitor,AE,AED,,,,pending_pricing,"Awaiting regional pricing"
Cardiology,"Event Monitor Review",card_event_monitor,BH,BHD,,,,pending_pricing,"Auto-converted from AED"
Cardiology,"Event Monitor Review",card_event_monitor,EG,EGP,,,,not_available,
Cardiology,"Event Monitor Review",card_event_monitor,GB,GBP,,,,pending_pricing,"Awaiting regional pricing"
Cardiology,"Event Monitor Review",card_event_monitor,KW,KWD,,,,pending_pricing,"Auto-converted from AED"
Cardiology,"Event Monitor Review",card_event_monitor,OM,OMR,,,,pending_pricing,"Auto-converted from AED"
Cardiology,"Event Monitor Review",card_event_monitor,QA,QAR,,,,pending_pricing,"Auto-converted from AED"
Cardiology,"Event Monitor Review",card_event_monitor,SA,SAR,,,,pending_pricing,"Awaiting regional pricing"
Cardiology,"Event Monitor Review",card_event_monitor,US,USD,,,,pending_pricing,"Awaiting regional pricing"
Cardiology,"Holter Monitor Review",,,,,,,,
Cardiology,"Holter monitor review (24–72 hr)",CARD_HOLTER,AE,AED,,630.0,94.0,pending_pricing,"Awaiting regional pricing"
Cardiology,"Holter monitor review (24–72 hr)",CARD_HOLTER,BH,BHD,,64.7,9.7,pending_pricing,"Auto-converted from AED"
Cardiology,"Holter monitor review (24–72 hr)",CARD_HOLTER,EG,EGP,3000.0,3450.0,517.5,active,
Cardiology,"Holter monitor review (24–72 hr)",CARD_HOLTER,GB,GBP,,138.0,21.0,pending_pricing,"Awaiting regional pricing"
Cardiology,"Holter monitor review (24–72 hr)",CARD_HOLTER,KW,KWD,,52.6,7.9,pending_pricing,"Auto-converted from AED"
Cardiology,"Holter monitor review (24–72 hr)",CARD_HOLTER,OM,OMR,,66.4,10.0,pending_pricing,"Auto-converted from AED"
Cardiology,"Holter monitor review (24–72 hr)",CARD_HOLTER,QA,QAR,,625.0,94.0,pending_pricing,"Auto-converted from AED"
Cardiology,"Holter monitor review (24–72 hr)",CARD_HOLTER,SA,SAR,,647.0,97.0,pending_pricing,"Awaiting regional pricing"
Cardiology,"Holter monitor review (24–72 hr)",CARD_HOLTER,US,USD,,173.0,26.0,pending_pricing,"Awaiting regional pricing"
Cardiology,"Pre-Op Cardiac Clearance",card_preop_clearance,AE,AED,,,,pending_pricing,"Awaiting regional pricing"
Cardiology,"Pre-Op Cardiac Clearance",card_preop_clearance,BH,BHD,,,,pending_pricing,"Auto-converted from AED"
Cardiology,"Pre-Op Cardiac Clearance",card_preop_clearance,EG,EGP,,,,not_available,
Cardiology,"Pre-Op Cardiac Clearance",card_preop_clearance,GB,GBP,,,,pending_pricing,"Awaiting regional pricing"
Cardiology,"Pre-Op Cardiac Clearance",card_preop_clearance,KW,KWD,,,,pending_pricing,"Auto-converted from AED"
Cardiology,"Pre-Op Cardiac Clearance",card_preop_clearance,OM,OMR,,,,pending_pricing,"Auto-converted from AED"
Cardiology,"Pre-Op Cardiac Clearance",card_preop_clearance,QA,QAR,,,,pending_pricing,"Auto-converted from AED"
Cardiology,"Pre-Op Cardiac Clearance",card_preop_clearance,SA,SAR,,,,pending_pricing,"Awaiting regional pricing"
Cardiology,"Pre-Op Cardiac Clearance",card_preop_clearance,US,USD,,,,pending_pricing,"Awaiting regional pricing"
Cardiology,"Rhythm strip interpretation",CARD_RHY,AE,AED,,105.0,16.0,pending_pricing,"Awaiting regional pricing"
Cardiology,"Rhythm strip interpretation",CARD_RHY,BH,BHD,,10.8,1.6,pending_pricing,"Auto-converted from AED"
Cardiology,"Rhythm strip interpretation",CARD_RHY,EG,EGP,500.0,575.0,86.3,active,
Cardiology,"Rhythm strip interpretation",CARD_RHY,GB,GBP,,23.0,3.0,pending_pricing,"Awaiting regional pricing"
Cardiology,"Rhythm strip interpretation",CARD_RHY,KW,KWD,,8.8,1.3,pending_pricing,"Auto-converted from AED"
Cardiology,"Rhythm strip interpretation",CARD_RHY,OM,OMR,,11.1,1.7,pending_pricing,"Auto-converted from AED"
Cardiology,"Rhythm strip interpretation",CARD_RHY,QA,QAR,,104.0,16.0,pending_pricing,"Auto-converted from AED"
Cardiology,"Rhythm strip interpretation",CARD_RHY,SA,SAR,,108.0,16.0,pending_pricing,"Awaiting regional pricing"
Cardiology,"Rhythm strip interpretation",CARD_RHY,US,USD,,29.0,4.0,pending_pricing,"Awaiting regional pricing"
Cardiology,"Stress Echocardiogram",CARD_STRECHO,AE,AED,,378.0,57.0,pending_pricing,"Awaiting regional pricing"
Cardiology,"Stress Echocardiogram",CARD_STRECHO,BH,BHD,,38.8,5.8,pending_pricing,"Auto-converted from AED"
Cardiology,"Stress Echocardiogram",CARD_STRECHO,EG,EGP,1800.0,2070.0,310.5,active,
Cardiology,"Stress Echocardiogram",CARD_STRECHO,GB,GBP,,83.0,12.0,pending_pricing,"Awaiting regional pricing"
Cardiology,"Stress Echocardiogram",CARD_STRECHO,KW,KWD,,31.6,4.7,pending_pricing,"Auto-converted from AED"
Cardiology,"Stress Echocardiogram",CARD_STRECHO,OM,OMR,,39.8,6.0,pending_pricing,"Auto-converted from AED"
Cardiology,"Stress Echocardiogram",CARD_STRECHO,QA,QAR,,375.0,56.0,pending_pricing,"Auto-converted from AED"
Cardiology,"Stress Echocardiogram",CARD_STRECHO,SA,SAR,,388.0,58.0,pending_pricing,"Awaiting regional pricing"
Cardiology,"Stress Echocardiogram",CARD_STRECHO,US,USD,,104.0,16.0,pending_pricing,"Awaiting regional pricing"
Cardiology,"Stress test (Treadmill)",CARD_STRESS,AE,AED,,283.0,43.0,pending_pricing,"Awaiting regional pricing"
Cardiology,"Stress test (Treadmill)",CARD_STRESS,BH,BHD,,29.1,4.4,pending_pricing,"Auto-converted from AED"
Cardiology,"Stress test (Treadmill)",CARD_STRESS,EG,EGP,1350.0,1553.0,232.9,active,
Cardiology,"Stress test (Treadmill)",CARD_STRESS,GB,GBP,,62.0,9.0,pending_pricing,"Awaiting regional pricing"
Cardiology,"Stress test (Treadmill)",CARD_STRESS,KW,KWD,,23.7,3.6,pending_pricing,"Auto-converted from AED"
Cardiology,"Stress test (Treadmill)",CARD_STRESS,OM,OMR,,29.9,4.5,pending_pricing,"Auto-converted from AED"
Cardiology,"Stress test (Treadmill)",CARD_STRESS,QA,QAR,,281.0,42.0,pending_pricing,"Auto-converted from AED"
Cardiology,"Stress test (Treadmill)",CARD_STRESS,SA,SAR,,291.0,44.0,pending_pricing,"Awaiting regional pricing"
Cardiology,"Stress test (Treadmill)",CARD_STRESS,US,USD,,78.0,12.0,pending_pricing,"Awaiting regional pricing"
Dermatology,"Dermatology Service",dermatology_service,,,,,,,
Dermatology,"Dermoscopy Image Review",,,,,,,,
Dermatology,"Skin Biopsy Review",,,,,,,,
"ENT (Ear, Nose & Throat)","Audiogram Review",,,,,,,,
"ENT (Ear, Nose & Throat)","Sinus CT Review",,,,,,,,
Endocrinology,"Hormonal Profile Review",,,,,,,,
Endocrinology,"Thyroid Panel Review",,,,,,,,
Endocrinology,"Thyroid Ultrasound Review",,,,,,,,
Gastroenterology,"Abdominal CT Review",,,,,,,,
Gastroenterology,"Abdominal Ultrasound Review",,,,,,,,
Gastroenterology,"Endoscopy Report Review",,,,,,,,
Gastroenterology,"Gastroenterology Service",gastroenterology_service,,,,,,,
"General Surgery","Post-operative Imaging Review",,,,,,,,
"General Surgery","Pre-operative Assessment Review",,,,,,,,
"Internal Medicine","Chronic Disease Management Review",,,,,,,,
"Internal Medicine","Comprehensive Blood Panel Review",,,,,,,,
"Internal Medicine","General Second Opinion",,,,,,,,
Neurology,"Brain CT",NEURO_CT,AE,AED,,283.0,43.0,pending_pricing,"Awaiting regional pricing"
Neurology,"Brain CT",NEURO_CT,BH,BHD,,29.1,4.4,pending_pricing,"Auto-converted from AED"
Neurology,"Brain CT",NEURO_CT,EG,EGP,1350.0,1553.0,232.9,active,
Neurology,"Brain CT",NEURO_CT,GB,GBP,,62.0,9.0,pending_pricing,"Awaiting regional pricing"
Neurology,"Brain CT",NEURO_CT,KW,KWD,,23.7,3.6,pending_pricing,"Auto-converted from AED"
Neurology,"Brain CT",NEURO_CT,OM,OMR,,29.9,4.5,pending_pricing,"Auto-converted from AED"
Neurology,"Brain CT",NEURO_CT,QA,QAR,,281.0,42.0,pending_pricing,"Auto-converted from AED"
Neurology,"Brain CT",NEURO_CT,SA,SAR,,291.0,44.0,pending_pricing,"Awaiting regional pricing"
Neurology,"Brain CT",NEURO_CT,US,USD,,78.0,12.0,pending_pricing,"Awaiting regional pricing"
Neurology,"Brain MRI",NEURO_MRI,AE,AED,,672.0,101.0,pending_pricing,"Awaiting regional pricing"
Neurology,"Brain MRI",NEURO_MRI,BH,BHD,,69.0,10.3,pending_pricing,"Auto-converted from AED"
Neurology,"Brain MRI",NEURO_MRI,EG,EGP,3200.0,3680.0,552.0,active,
Neurology,"Brain MRI",NEURO_MRI,GB,GBP,,147.0,22.0,pending_pricing,"Awaiting regional pricing"
Neurology,"Brain MRI",NEURO_MRI,KW,KWD,,56.1,8.4,pending_pricing,"Auto-converted from AED"
Neurology,"Brain MRI",NEURO_MRI,OM,OMR,,70.8,10.6,pending_pricing,"Auto-converted from AED"
Neurology,"Brain MRI",NEURO_MRI,QA,QAR,,667.0,100.0,pending_pricing,"Auto-converted from AED"
Neurology,"Brain MRI",NEURO_MRI,SA,SAR,,690.0,104.0,pending_pricing,"Awaiting regional pricing"
Neurology,"Brain MRI",NEURO_MRI,US,USD,,184.0,28.0,pending_pricing,"Awaiting regional pricing"
Neurology,"Brain MRI Review",,,,,,,,
Neurology,"CT angiography (CTA)",NEURO_CTA,AE,AED,,1658.0,249.0,pending_pricing,"Awaiting regional pricing"
Neurology,"CT angiography (CTA)",NEURO_CTA,BH,BHD,,170.3,25.6,pending_pricing,"Auto-converted from AED"
Neurology,"CT angiography (CTA)",NEURO_CTA,EG,EGP,7900.0,9085.0,1362.8,active,
Neurology,"CT angiography (CTA)",NEURO_CTA,GB,GBP,,363.0,55.0,pending_pricing,"Awaiting regional pricing"
Neurology,"CT angiography (CTA)",NEURO_CTA,KW,KWD,,138.5,20.8,pending_pricing,"Auto-converted from AED"
Neurology,"CT angiography (CTA)",NEURO_CTA,OM,OMR,,174.9,26.2,pending_pricing,"Auto-converted from AED"
Neurology,"CT angiography (CTA)",NEURO_CTA,QA,QAR,,1647.0,247.0,pending_pricing,"Auto-converted from AED"
Neurology,"CT angiography (CTA)",NEURO_CTA,SA,SAR,,1703.0,256.0,pending_pricing,"Awaiting regional pricing"
Neurology,"CT angiography (CTA)",NEURO_CTA,US,USD,,454.0,68.0,pending_pricing,"Awaiting regional pricing"
Neurology,"EEG Review",,,,,,,,
Neurology,"EEG interpretation",NEURO_EEG,AE,AED,,2414.0,362.0,pending_pricing,"Awaiting regional pricing"
Neurology,"EEG interpretation",NEURO_EEG,BH,BHD,,248.0,37.2,pending_pricing,"Auto-converted from AED"
Neurology,"EEG interpretation",NEURO_EEG,EG,EGP,11500.0,13225.0,1983.8,active,
Neurology,"EEG interpretation",NEURO_EEG,GB,GBP,,529.0,79.0,pending_pricing,"Awaiting regional pricing"
Neurology,"EEG interpretation",NEURO_EEG,KW,KWD,,201.7,30.3,pending_pricing,"Auto-converted from AED"
Neurology,"EEG interpretation",NEURO_EEG,OM,OMR,,254.6,38.2,pending_pricing,"Auto-converted from AED"
Neurology,"EEG interpretation",NEURO_EEG,QA,QAR,,2397.0,360.0,pending_pricing,"Auto-converted from AED"
Neurology,"EEG interpretation",NEURO_EEG,SA,SAR,,2480.0,372.0,pending_pricing,"Awaiting regional pricing"
Neurology,"EEG interpretation",NEURO_EEG,US,USD,,661.0,99.0,pending_pricing,"Awaiting regional pricing"
Neurology,"EMG & nerve conduction studies",NEURO_EMG,AE,AED,,1259.0,189.0,pending_pricing,"Awaiting regional pricing"
Neurology,"EMG & nerve conduction studies",NEURO_EMG,BH,BHD,,129.4,19.4,pending_pricing,"Auto-converted from AED"
Neurology,"EMG & nerve conduction studies",NEURO_EMG,EG,EGP,6000.0,6900.0,1035.0,active,
Neurology,"EMG & nerve conduction studies",NEURO_EMG,GB,GBP,,276.0,41.0,pending_pricing,"Awaiting regional pricing"
Neurology,"EMG & nerve conduction studies",NEURO_EMG,KW,KWD,,105.2,15.8,pending_pricing,"Auto-converted from AED"
Neurology,"EMG & nerve conduction studies",NEURO_EMG,OM,OMR,,132.8,19.9,pending_pricing,"Auto-converted from AED"
Neurology,"EMG & nerve conduction studies",NEURO_EMG,QA,QAR,,1251.0,188.0,pending_pricing,"Auto-converted from AED"
Neurology,"EMG & nerve conduction studies",NEURO_EMG,SA,SAR,,1294.0,194.0,pending_pricing,"Awaiting regional pricing"
Neurology,"EMG & nerve conduction studies",NEURO_EMG,US,USD,,345.0,52.0,pending_pricing,"Awaiting regional pricing"
Neurology,"Epilepsy-related imaging review",NEURO_EPI,AE,AED,,,,pending_pricing,"Awaiting regional pricing"
Neurology,"Epilepsy-related imaging review",NEURO_EPI,BH,BHD,,,,pending_pricing,"Auto-converted from AED"
Neurology,"Epilepsy-related imaging review",NEURO_EPI,EG,EGP,,,,needs_clarification,
Neurology,"Epilepsy-related imaging review",NEURO_EPI,GB,GBP,,,,pending_pricing,"Awaiting regional pricing"
Neurology,"Epilepsy-related imaging review",NEURO_EPI,KW,KWD,,,,pending_pricing,"Auto-converted from AED"
Neurology,"Epilepsy-related imaging review",NEURO_EPI,OM,OMR,,,,pending_pricing,"Auto-converted from AED"
Neurology,"Epilepsy-related imaging review",NEURO_EPI,QA,QAR,,,,pending_pricing,"Auto-converted from AED"
Neurology,"Epilepsy-related imaging review",NEURO_EPI,SA,SAR,,,,pending_pricing,"Awaiting regional pricing"
Neurology,"Epilepsy-related imaging review",NEURO_EPI,US,USD,,,,pending_pricing,"Awaiting regional pricing"
Neurology,"MR angiography (MRA)",NEURO_MRA,AE,AED,,1133.0,170.0,pending_pricing,"Awaiting regional pricing"
Neurology,"MR angiography (MRA)",NEURO_MRA,BH,BHD,,116.4,17.5,pending_pricing,"Auto-converted from AED"
Neurology,"MR angiography (MRA)",NEURO_MRA,EG,EGP,5400.0,6210.0,931.5,active,
Neurology,"MR angiography (MRA)",NEURO_MRA,GB,GBP,,248.0,37.0,pending_pricing,"Awaiting regional pricing"
Neurology,"MR angiography (MRA)",NEURO_MRA,KW,KWD,,94.7,14.2,pending_pricing,"Auto-converted from AED"
Neurology,"MR angiography (MRA)",NEURO_MRA,OM,OMR,,119.5,17.9,pending_pricing,"Auto-converted from AED"
Neurology,"MR angiography (MRA)",NEURO_MRA,QA,QAR,,1126.0,169.0,pending_pricing,"Auto-converted from AED"
Neurology,"MR angiography (MRA)",NEURO_MRA,SA,SAR,,1164.0,175.0,pending_pricing,"Awaiting regional pricing"
Neurology,"MR angiography (MRA)",NEURO_MRA,US,USD,,311.0,47.0,pending_pricing,"Awaiting regional pricing"
Neurology,"Nerve Conduction Study Review",,,,,,,,
Neurology,"Neurovascular Review",neuro_neurovascular,AE,AED,,,,pending_pricing,"Awaiting regional pricing"
Neurology,"Neurovascular Review",neuro_neurovascular,BH,BHD,,,,pending_pricing,"Auto-converted from AED"
Neurology,"Neurovascular Review",neuro_neurovascular,EG,EGP,,,,needs_clarification,
Neurology,"Neurovascular Review",neuro_neurovascular,GB,GBP,,,,pending_pricing,"Awaiting regional pricing"
Neurology,"Neurovascular Review",neuro_neurovascular,KW,KWD,,,,pending_pricing,"Auto-converted from AED"
Neurology,"Neurovascular Review",neuro_neurovascular,OM,OMR,,,,pending_pricing,"Auto-converted from AED"
Neurology,"Neurovascular Review",neuro_neurovascular,QA,QAR,,,,pending_pricing,"Auto-converted from AED"
Neurology,"Neurovascular Review",neuro_neurovascular,SA,SAR,,,,pending_pricing,"Awaiting regional pricing"
Neurology,"Neurovascular Review",neuro_neurovascular,US,USD,,,,pending_pricing,"Awaiting regional pricing"
Neurology,"Perfusion studies",NEURO_PERF,AE,AED,,,,pending_pricing,"Awaiting regional pricing"
Neurology,"Perfusion studies",NEURO_PERF,BH,BHD,,,,pending_pricing,"Auto-converted from AED"
Neurology,"Perfusion studies",NEURO_PERF,EG,EGP,,,,needs_clarification,
Neurology,"Perfusion studies",NEURO_PERF,GB,GBP,,,,pending_pricing,"Awaiting regional pricing"
Neurology,"Perfusion studies",NEURO_PERF,KW,KWD,,,,pending_pricing,"Auto-converted from AED"
Neurology,"Perfusion studies",NEURO_PERF,OM,OMR,,,,pending_pricing,"Auto-converted from AED"
Neurology,"Perfusion studies",NEURO_PERF,QA,QAR,,,,pending_pricing,"Auto-converted from AED"
Neurology,"Perfusion studies",NEURO_PERF,SA,SAR,,,,pending_pricing,"Awaiting regional pricing"
Neurology,"Perfusion studies",NEURO_PERF,US,USD,,,,pending_pricing,"Awaiting regional pricing"
Neurology,"Spine MRI (cervical/thoracic/lumbar)",NEURO_SPINE,AE,AED,,1700.0,255.0,pending_pricing,"Awaiting regional pricing"
Neurology,"Spine MRI (cervical/thoracic/lumbar)",NEURO_SPINE,BH,BHD,,174.7,26.2,pending_pricing,"Auto-converted from AED"
Neurology,"Spine MRI (cervical/thoracic/lumbar)",NEURO_SPINE,EG,EGP,8100.0,9315.0,1397.3,active,
Neurology,"Spine MRI (cervical/thoracic/lumbar)",NEURO_SPINE,GB,GBP,,373.0,56.0,pending_pricing,"Awaiting regional pricing"
Neurology,"Spine MRI (cervical/thoracic/lumbar)",NEURO_SPINE,KW,KWD,,142.1,21.3,pending_pricing,"Auto-converted from AED"
Neurology,"Spine MRI (cervical/thoracic/lumbar)",NEURO_SPINE,OM,OMR,,179.3,26.9,pending_pricing,"Auto-converted from AED"
Neurology,"Spine MRI (cervical/thoracic/lumbar)",NEURO_SPINE,QA,QAR,,1688.0,253.0,pending_pricing,"Auto-converted from AED"
Neurology,"Spine MRI (cervical/thoracic/lumbar)",NEURO_SPINE,SA,SAR,,1747.0,262.0,pending_pricing,"Awaiting regional pricing"
Neurology,"Spine MRI (cervical/thoracic/lumbar)",NEURO_SPINE,US,USD,,466.0,70.0,pending_pricing,"Awaiting regional pricing"
Neurology,"Stroke imaging second opinion",NEURO_STROKE,AE,AED,,,,pending_pricing,"Awaiting regional pricing"
Neurology,"Stroke imaging second opinion",NEURO_STROKE,BH,BHD,,,,pending_pricing,"Auto-converted from AED"
Neurology,"Stroke imaging second opinion",NEURO_STROKE,EG,EGP,,,,needs_clarification,
Neurology,"Stroke imaging second opinion",NEURO_STROKE,GB,GBP,,,,pending_pricing,"Awaiting regional pricing"
Neurology,"Stroke imaging second opinion",NEURO_STROKE,KW,KWD,,,,pending_pricing,"Auto-converted from AED"
Neurology,"Stroke imaging second opinion",NEURO_STROKE,OM,OMR,,,,pending_pricing,"Auto-converted from AED"
Neurology,"Stroke imaging second opinion",NEURO_STROKE,QA,QAR,,,,pending_pricing,"Auto-converted from AED"
Neurology,"Stroke imaging second opinion",NEURO_STROKE,SA,SAR,,,,pending_pricing,"Awaiting regional pricing"
Neurology,"Stroke imaging second opinion",NEURO_STROKE,US,USD,,,,pending_pricing,"Awaiting regional pricing"
Oncology,"Bone marrow biopsy reports",ONC_BMB,AE,AED,,2099.0,315.0,pending_pricing,"Awaiting regional pricing"
Oncology,"Bone marrow biopsy reports",ONC_BMB,BH,BHD,,215.6,32.3,pending_pricing,"Auto-converted from AED"
Oncology,"Bone marrow biopsy reports",ONC_BMB,EG,EGP,10000.0,11500.0,1725.0,active,
Oncology,"Bone marrow biopsy reports",ONC_BMB,GB,GBP,,460.0,69.0,pending_pricing,"Awaiting regional pricing"
Oncology,"Bone marrow biopsy reports",ONC_BMB,KW,KWD,,175.4,26.3,pending_pricing,"Auto-converted from AED"
Oncology,"Bone marrow biopsy reports",ONC_BMB,OM,OMR,,221.4,33.2,pending_pricing,"Auto-converted from AED"
Oncology,"Bone marrow biopsy reports",ONC_BMB,QA,QAR,,2084.0,313.0,pending_pricing,"Auto-converted from AED"
Oncology,"Bone marrow biopsy reports",ONC_BMB,SA,SAR,,2156.0,323.0,pending_pricing,"Awaiting regional pricing"
Oncology,"Bone marrow biopsy reports",ONC_BMB,US,USD,,575.0,86.0,pending_pricing,"Awaiting regional pricing"
Oncology,"Cytology reports (Pap smear, fluids, FNAs)",ONC_CYTO,AE,AED,,,,pending_pricing,"Awaiting regional pricing"
Oncology,"Cytology reports (Pap smear, fluids, FNAs)",ONC_CYTO,BH,BHD,,,,pending_pricing,"Auto-converted from AED"
Oncology,"Cytology reports (Pap smear, fluids, FNAs)",ONC_CYTO,EG,EGP,,,,external,
Oncology,"Cytology reports (Pap smear, fluids, FNAs)",ONC_CYTO,GB,GBP,,,,pending_pricing,"Awaiting regional pricing"
Oncology,"Cytology reports (Pap smear, fluids, FNAs)",ONC_CYTO,KW,KWD,,,,pending_pricing,"Auto-converted from AED"
Oncology,"Cytology reports (Pap smear, fluids, FNAs)",ONC_CYTO,OM,OMR,,,,pending_pricing,"Auto-converted from AED"
Oncology,"Cytology reports (Pap smear, fluids, FNAs)",ONC_CYTO,QA,QAR,,,,pending_pricing,"Auto-converted from AED"
Oncology,"Cytology reports (Pap smear, fluids, FNAs)",ONC_CYTO,SA,SAR,,,,pending_pricing,"Awaiting regional pricing"
Oncology,"Cytology reports (Pap smear, fluids, FNAs)",ONC_CYTO,US,USD,,,,pending_pricing,"Awaiting regional pricing"
Oncology,"Hematology/Oncology blood tests",ONC_BLOOD,AE,AED,,,,pending_pricing,"Awaiting regional pricing"
Oncology,"Hematology/Oncology blood tests",ONC_BLOOD,BH,BHD,,,,pending_pricing,"Auto-converted from AED"
Oncology,"Hematology/Oncology blood tests",ONC_BLOOD,EG,EGP,,,,external,
Oncology,"Hematology/Oncology blood tests",ONC_BLOOD,GB,GBP,,,,pending_pricing,"Awaiting regional pricing"
Oncology,"Hematology/Oncology blood tests",ONC_BLOOD,KW,KWD,,,,pending_pricing,"Auto-converted from AED"
Oncology,"Hematology/Oncology blood tests",ONC_BLOOD,OM,OMR,,,,pending_pricing,"Auto-converted from AED"
Oncology,"Hematology/Oncology blood tests",ONC_BLOOD,QA,QAR,,,,pending_pricing,"Auto-converted from AED"
Oncology,"Hematology/Oncology blood tests",ONC_BLOOD,SA,SAR,,,,pending_pricing,"Awaiting regional pricing"
Oncology,"Hematology/Oncology blood tests",ONC_BLOOD,US,USD,,,,pending_pricing,"Awaiting regional pricing"
Oncology,"Oncology CT/MRI for staging",ONC_STAGING,AE,AED,,3190.0,479.0,pending_pricing,"Awaiting regional pricing"
Oncology,"Oncology CT/MRI for staging",ONC_STAGING,BH,BHD,,327.8,49.2,pending_pricing,"Auto-converted from AED"
Oncology,"Oncology CT/MRI for staging",ONC_STAGING,EG,EGP,15200.0,17480.0,2622.0,active,
Oncology,"Oncology CT/MRI for staging",ONC_STAGING,GB,GBP,,699.0,105.0,pending_pricing,"Awaiting regional pricing"
Oncology,"Oncology CT/MRI for staging",ONC_STAGING,KW,KWD,,266.6,40.0,pending_pricing,"Auto-converted from AED"
Oncology,"Oncology CT/MRI for staging",ONC_STAGING,OM,OMR,,336.5,50.5,pending_pricing,"Auto-converted from AED"
Oncology,"Oncology CT/MRI for staging",ONC_STAGING,QA,QAR,,3168.0,475.0,pending_pricing,"Auto-converted from AED"
Oncology,"Oncology CT/MRI for staging",ONC_STAGING,SA,SAR,,3278.0,492.0,pending_pricing,"Awaiting regional pricing"
Oncology,"Oncology CT/MRI for staging",ONC_STAGING,US,USD,,874.0,131.0,pending_pricing,"Awaiting regional pricing"
Oncology,"Oncology Case Review",,,,,,,,
Oncology,"PET Scan Review",,,,,,,,
Oncology,"PET-CT oncology imaging",ONC_PETCT,AE,AED,,,,pending_pricing,"Awaiting regional pricing"
Oncology,"PET-CT oncology imaging",ONC_PETCT,BH,BHD,,,,pending_pricing,"Auto-converted from AED"
Oncology,"PET-CT oncology imaging",ONC_PETCT,EG,EGP,,,,not_available,
Oncology,"PET-CT oncology imaging",ONC_PETCT,GB,GBP,,,,pending_pricing,"Awaiting regional pricing"
Oncology,"PET-CT oncology imaging",ONC_PETCT,KW,KWD,,,,pending_pricing,"Auto-converted from AED"
Oncology,"PET-CT oncology imaging",ONC_PETCT,OM,OMR,,,,pending_pricing,"Auto-converted from AED"
Oncology,"PET-CT oncology imaging",ONC_PETCT,QA,QAR,,,,pending_pricing,"Auto-converted from AED"
Oncology,"PET-CT oncology imaging",ONC_PETCT,SA,SAR,,,,pending_pricing,"Awaiting regional pricing"
Oncology,"PET-CT oncology imaging",ONC_PETCT,US,USD,,,,pending_pricing,"Awaiting regional pricing"
Oncology,"Radiation therapy planning scan review",ONC_RT,AE,AED,,,,pending_pricing,"Awaiting regional pricing"
Oncology,"Radiation therapy planning scan review",ONC_RT,BH,BHD,,,,pending_pricing,"Auto-converted from AED"
Oncology,"Radiation therapy planning scan review",ONC_RT,EG,EGP,,,,not_available,
Oncology,"Radiation therapy planning scan review",ONC_RT,GB,GBP,,,,pending_pricing,"Awaiting regional pricing"
Oncology,"Radiation therapy planning scan review",ONC_RT,KW,KWD,,,,pending_pricing,"Auto-converted from AED"
Oncology,"Radiation therapy planning scan review",ONC_RT,OM,OMR,,,,pending_pricing,"Auto-converted from AED"
Oncology,"Radiation therapy planning scan review",ONC_RT,QA,QAR,,,,pending_pricing,"Auto-converted from AED"
Oncology,"Radiation therapy planning scan review",ONC_RT,SA,SAR,,,,pending_pricing,"Awaiting regional pricing"
Oncology,"Radiation therapy planning scan review",ONC_RT,US,USD,,,,pending_pricing,"Awaiting regional pricing"
Oncology,"Treatment response assessment (RECIST if required)",ONC_RECIST,AE,AED,,,,pending_pricing,"Awaiting regional pricing"
Oncology,"Treatment response assessment (RECIST if required)",ONC_RECIST,BH,BHD,,,,pending_pricing,"Auto-converted from AED"
Oncology,"Treatment response assessment (RECIST if required)",ONC_RECIST,EG,EGP,,,,not_available,
Oncology,"Treatment response assessment (RECIST if required)",ONC_RECIST,GB,GBP,,,,pending_pricing,"Awaiting regional pricing"
Oncology,"Treatment response assessment (RECIST if required)",ONC_RECIST,KW,KWD,,,,pending_pricing,"Auto-converted from AED"
Oncology,"Treatment response assessment (RECIST if required)",ONC_RECIST,OM,OMR,,,,pending_pricing,"Auto-converted from AED"
Oncology,"Treatment response assessment (RECIST if required)",ONC_RECIST,QA,QAR,,,,pending_pricing,"Auto-converted from AED"
Oncology,"Treatment response assessment (RECIST if required)",ONC_RECIST,SA,SAR,,,,pending_pricing,"Awaiting regional pricing"
Oncology,"Treatment response assessment (RECIST if required)",ONC_RECIST,US,USD,,,,pending_pricing,"Awaiting regional pricing"
Oncology,"Tumor histopathology reports",ONC_HISTO,AE,AED,,,,pending_pricing,"Awaiting regional pricing"
Oncology,"Tumor histopathology reports",ONC_HISTO,BH,BHD,,,,pending_pricing,"Auto-converted from AED"
Oncology,"Tumor histopathology reports",ONC_HISTO,EG,EGP,,,,external,
Oncology,"Tumor histopathology reports",ONC_HISTO,GB,GBP,,,,pending_pricing,"Awaiting regional pricing"
Oncology,"Tumor histopathology reports",ONC_HISTO,KW,KWD,,,,pending_pricing,"Auto-converted from AED"
Oncology,"Tumor histopathology reports",ONC_HISTO,OM,OMR,,,,pending_pricing,"Auto-converted from AED"
Oncology,"Tumor histopathology reports",ONC_HISTO,QA,QAR,,,,pending_pricing,"Auto-converted from AED"
Oncology,"Tumor histopathology reports",ONC_HISTO,SA,SAR,,,,pending_pricing,"Awaiting regional pricing"
Oncology,"Tumor histopathology reports",ONC_HISTO,US,USD,,,,pending_pricing,"Awaiting regional pricing"
Ophthalmology,"OCT Scan Review",,,,,,,,
Ophthalmology,"Retinal Scan Review",,,,,,,,
Orthopedics,"Bone X-Ray Review",,,,,,,,
Orthopedics,"DEXA Scan Review",,,,,,,,
Orthopedics,"Joint MRI Review",,,,,,,,
Orthopedics,"Orthopedics Service",orthopedics_service,,,,,,,
Orthopedics,"Spine MRI Review",,,,,,,,
Pathology,"Autoimmune - ANA",lab_autoimmune_ana,AE,AED,,147.0,22.0,pending_pricing,"Awaiting regional pricing"
Pathology,"Autoimmune - ANA",lab_autoimmune_ana,BH,BHD,,15.1,2.3,pending_pricing,"Auto-converted from AED"
Pathology,"Autoimmune - ANA",lab_autoimmune_ana,EG,EGP,700.0,805.0,120.8,active,
Pathology,"Autoimmune - ANA",lab_autoimmune_ana,GB,GBP,,32.0,5.0,pending_pricing,"Awaiting regional pricing"
Pathology,"Autoimmune - ANA",lab_autoimmune_ana,KW,KWD,,12.3,1.8,pending_pricing,"Auto-converted from AED"
Pathology,"Autoimmune - ANA",lab_autoimmune_ana,OM,OMR,,15.5,2.3,pending_pricing,"Auto-converted from AED"
Pathology,"Autoimmune - ANA",lab_autoimmune_ana,QA,QAR,,146.0,22.0,pending_pricing,"Auto-converted from AED"
Pathology,"Autoimmune - ANA",lab_autoimmune_ana,SA,SAR,,151.0,23.0,pending_pricing,"Awaiting regional pricing"
Pathology,"Autoimmune - ANA",lab_autoimmune_ana,US,USD,,40.0,6.0,pending_pricing,"Awaiting regional pricing"
Pathology,"Autoimmune - ANCA",lab_autoimmune_anca,AE,AED,,462.0,69.0,pending_pricing,"Awaiting regional pricing"
Pathology,"Autoimmune - ANCA",lab_autoimmune_anca,BH,BHD,,47.4,7.1,pending_pricing,"Auto-converted from AED"
Pathology,"Autoimmune - ANCA",lab_autoimmune_anca,EG,EGP,2200.0,2530.0,379.5,active,
Pathology,"Autoimmune - ANCA",lab_autoimmune_anca,GB,GBP,,101.0,15.0,pending_pricing,"Awaiting regional pricing"
Pathology,"Autoimmune - ANCA",lab_autoimmune_anca,KW,KWD,,38.6,5.8,pending_pricing,"Auto-converted from AED"
Pathology,"Autoimmune - ANCA",lab_autoimmune_anca,OM,OMR,,48.7,7.3,pending_pricing,"Auto-converted from AED"
Pathology,"Autoimmune - ANCA",lab_autoimmune_anca,QA,QAR,,459.0,69.0,pending_pricing,"Auto-converted from AED"
Pathology,"Autoimmune - ANCA",lab_autoimmune_anca,SA,SAR,,474.0,71.0,pending_pricing,"Awaiting regional pricing"
Pathology,"Autoimmune - ANCA",lab_autoimmune_anca,US,USD,,127.0,19.0,pending_pricing,"Awaiting regional pricing"
Pathology,"Autoimmune - ASMA",lab_autoimmune_asma,AE,AED,,273.0,41.0,pending_pricing,"Awaiting regional pricing"
Pathology,"Autoimmune - ASMA",lab_autoimmune_asma,BH,BHD,,28.0,4.2,pending_pricing,"Auto-converted from AED"
Pathology,"Autoimmune - ASMA",lab_autoimmune_asma,EG,EGP,1300.0,1495.0,224.3,active,
Pathology,"Autoimmune - ASMA",lab_autoimmune_asma,GB,GBP,,60.0,9.0,pending_pricing,"Awaiting regional pricing"
Pathology,"Autoimmune - ASMA",lab_autoimmune_asma,KW,KWD,,22.8,3.4,pending_pricing,"Auto-converted from AED"
Pathology,"Autoimmune - ASMA",lab_autoimmune_asma,OM,OMR,,28.8,4.3,pending_pricing,"Auto-converted from AED"
Pathology,"Autoimmune - ASMA",lab_autoimmune_asma,QA,QAR,,271.0,41.0,pending_pricing,"Auto-converted from AED"
Pathology,"Autoimmune - ASMA",lab_autoimmune_asma,SA,SAR,,280.0,42.0,pending_pricing,"Awaiting regional pricing"
Pathology,"Autoimmune - ASMA",lab_autoimmune_asma,US,USD,,75.0,11.0,pending_pricing,"Awaiting regional pricing"
Pathology,"Autoimmune - Anti-DNA",lab_autoimmune_anti_dna,AE,AED,,273.0,41.0,pending_pricing,"Awaiting regional pricing"
Pathology,"Autoimmune - Anti-DNA",lab_autoimmune_anti_dna,BH,BHD,,28.0,4.2,pending_pricing,"Auto-converted from AED"
Pathology,"Autoimmune - Anti-DNA",lab_autoimmune_anti_dna,EG,EGP,1300.0,1495.0,224.3,active,
Pathology,"Autoimmune - Anti-DNA",lab_autoimmune_anti_dna,GB,GBP,,60.0,9.0,pending_pricing,"Awaiting regional pricing"
Pathology,"Autoimmune - Anti-DNA",lab_autoimmune_anti_dna,KW,KWD,,22.8,3.4,pending_pricing,"Auto-converted from AED"
Pathology,"Autoimmune - Anti-DNA",lab_autoimmune_anti_dna,OM,OMR,,28.8,4.3,pending_pricing,"Auto-converted from AED"
Pathology,"Autoimmune - Anti-DNA",lab_autoimmune_anti_dna,QA,QAR,,271.0,41.0,pending_pricing,"Auto-converted from AED"
Pathology,"Autoimmune - Anti-DNA",lab_autoimmune_anti_dna,SA,SAR,,280.0,42.0,pending_pricing,"Awaiting regional pricing"
Pathology,"Autoimmune - Anti-DNA",lab_autoimmune_anti_dna,US,USD,,75.0,11.0,pending_pricing,"Awaiting regional pricing"
Pathology,"Autoimmune - Complement C3",lab_autoimmune_c3,AE,AED,,84.0,13.0,pending_pricing,"Awaiting regional pricing"
Pathology,"Autoimmune - Complement C3",lab_autoimmune_c3,BH,BHD,,8.6,1.3,pending_pricing,"Auto-converted from AED"
Pathology,"Autoimmune - Complement C3",lab_autoimmune_c3,EG,EGP,400.0,460.0,69.0,active,
Pathology,"Autoimmune - Complement C3",lab_autoimmune_c3,GB,GBP,,18.0,3.0,pending_pricing,"Awaiting regional pricing"
Pathology,"Autoimmune - Complement C3",lab_autoimmune_c3,KW,KWD,,7.0,1.1,pending_pricing,"Auto-converted from AED"
Pathology,"Autoimmune - Complement C3",lab_autoimmune_c3,OM,OMR,,8.9,1.3,pending_pricing,"Auto-converted from AED"
Pathology,"Autoimmune - Complement C3",lab_autoimmune_c3,QA,QAR,,83.0,13.0,pending_pricing,"Auto-converted from AED"
Pathology,"Autoimmune - Complement C3",lab_autoimmune_c3,SA,SAR,,86.0,13.0,pending_pricing,"Awaiting regional pricing"
Pathology,"Autoimmune - Complement C3",lab_autoimmune_c3,US,USD,,23.0,3.0,pending_pricing,"Awaiting regional pricing"
Pathology,"Autoimmune - Complement C4",lab_autoimmune_c4,AE,AED,,84.0,13.0,pending_pricing,"Awaiting regional pricing"
Pathology,"Autoimmune - Complement C4",lab_autoimmune_c4,BH,BHD,,8.6,1.3,pending_pricing,"Auto-converted from AED"
Pathology,"Autoimmune - Complement C4",lab_autoimmune_c4,EG,EGP,400.0,460.0,69.0,active,
Pathology,"Autoimmune - Complement C4",lab_autoimmune_c4,GB,GBP,,18.0,3.0,pending_pricing,"Awaiting regional pricing"
Pathology,"Autoimmune - Complement C4",lab_autoimmune_c4,KW,KWD,,7.0,1.1,pending_pricing,"Auto-converted from AED"
Pathology,"Autoimmune - Complement C4",lab_autoimmune_c4,OM,OMR,,8.9,1.3,pending_pricing,"Auto-converted from AED"
Pathology,"Autoimmune - Complement C4",lab_autoimmune_c4,QA,QAR,,83.0,13.0,pending_pricing,"Auto-converted from AED"
Pathology,"Autoimmune - Complement C4",lab_autoimmune_c4,SA,SAR,,86.0,13.0,pending_pricing,"Awaiting regional pricing"
Pathology,"Autoimmune - Complement C4",lab_autoimmune_c4,US,USD,,23.0,3.0,pending_pricing,"Awaiting regional pricing"
Pathology,"Autoimmune panels",LAB_AUTO,,,,,,,
Pathology,"Biopsy / Histopathology Review",,,,,,,,
Pathology,"Blood Work Review",,,,,,,,
Pathology,"Body Fluids Analysis",lab_body_fluids,AE,AED,,,,pending_pricing,"Awaiting regional pricing"
Pathology,"Body Fluids Analysis",lab_body_fluids,BH,BHD,,,,pending_pricing,"Auto-converted from AED"
Pathology,"Body Fluids Analysis",lab_body_fluids,EG,EGP,,,,needs_clarification,
Pathology,"Body Fluids Analysis",lab_body_fluids,GB,GBP,,,,pending_pricing,"Awaiting regional pricing"
Pathology,"Body Fluids Analysis",lab_body_fluids,KW,KWD,,,,pending_pricing,"Auto-converted from AED"
Pathology,"Body Fluids Analysis",lab_body_fluids,OM,OMR,,,,pending_pricing,"Auto-converted from AED"
Pathology,"Body Fluids Analysis",lab_body_fluids,QA,QAR,,,,pending_pricing,"Auto-converted from AED"
Pathology,"Body Fluids Analysis",lab_body_fluids,SA,SAR,,,,pending_pricing,"Awaiting regional pricing"
Pathology,"Body Fluids Analysis",lab_body_fluids,US,USD,,,,pending_pricing,"Awaiting regional pricing"
Pathology,"Bone Marrow Aspirate Review",lab_bone_marrow,AE,AED,,2099.0,315.0,pending_pricing,"Awaiting regional pricing"
Pathology,"Bone Marrow Aspirate Review",lab_bone_marrow,BH,BHD,,215.6,32.3,pending_pricing,"Auto-converted from AED"
Pathology,"Bone Marrow Aspirate Review",lab_bone_marrow,EG,EGP,10000.0,11500.0,1725.0,active,
Pathology,"Bone Marrow Aspirate Review",lab_bone_marrow,GB,GBP,,460.0,69.0,pending_pricing,"Awaiting regional pricing"
Pathology,"Bone Marrow Aspirate Review",lab_bone_marrow,KW,KWD,,175.4,26.3,pending_pricing,"Auto-converted from AED"
Pathology,"Bone Marrow Aspirate Review",lab_bone_marrow,OM,OMR,,221.4,33.2,pending_pricing,"Auto-converted from AED"
Pathology,"Bone Marrow Aspirate Review",lab_bone_marrow,QA,QAR,,2084.0,313.0,pending_pricing,"Auto-converted from AED"
Pathology,"Bone Marrow Aspirate Review",lab_bone_marrow,SA,SAR,,2156.0,323.0,pending_pricing,"Awaiting regional pricing"
Pathology,"Bone Marrow Aspirate Review",lab_bone_marrow,US,USD,,575.0,86.0,pending_pricing,"Awaiting regional pricing"
Pathology,"Bone marrow smear & biopsy reports",LAB_BM,,,,,,,
Pathology,CBC,LAB_CBC,AE,AED,,80.0,12.0,pending_pricing,"Awaiting regional pricing"
Pathology,CBC,LAB_CBC,BH,BHD,,8.2,1.2,pending_pricing,"Auto-converted from AED"
Pathology,CBC,LAB_CBC,EG,EGP,380.0,437.0,65.5,active,
Pathology,CBC,LAB_CBC,GB,GBP,,17.0,3.0,pending_pricing,"Awaiting regional pricing"
Pathology,CBC,LAB_CBC,KW,KWD,,6.7,1.0,pending_pricing,"Auto-converted from AED"
Pathology,CBC,LAB_CBC,OM,OMR,,8.4,1.3,pending_pricing,"Auto-converted from AED"
Pathology,CBC,LAB_CBC,QA,QAR,,79.0,12.0,pending_pricing,"Auto-converted from AED"
Pathology,CBC,LAB_CBC,SA,SAR,,82.0,12.0,pending_pricing,"Awaiting regional pricing"
Pathology,CBC,LAB_CBC,US,USD,,22.0,3.0,pending_pricing,"Awaiting regional pricing"
Pathology,"Coagulation - PT/INR",lab_coag_pt,AE,AED,,53.0,8.0,pending_pricing,"Awaiting regional pricing"
Pathology,"Coagulation - PT/INR",lab_coag_pt,BH,BHD,,5.4,0.8,pending_pricing,"Auto-converted from AED"
Pathology,"Coagulation - PT/INR",lab_coag_pt,EG,EGP,250.0,288.0,43.2,active,
Pathology,"Coagulation - PT/INR",lab_coag_pt,GB,GBP,,12.0,2.0,pending_pricing,"Awaiting regional pricing"
Pathology,"Coagulation - PT/INR",lab_coag_pt,KW,KWD,,4.4,0.7,pending_pricing,"Auto-converted from AED"
Pathology,"Coagulation - PT/INR",lab_coag_pt,OM,OMR,,5.5,0.8,pending_pricing,"Auto-converted from AED"
Pathology,"Coagulation - PT/INR",lab_coag_pt,QA,QAR,,52.0,8.0,pending_pricing,"Auto-converted from AED"
Pathology,"Coagulation - PT/INR",lab_coag_pt,SA,SAR,,54.0,8.0,pending_pricing,"Awaiting regional pricing"
Pathology,"Coagulation - PT/INR",lab_coag_pt,US,USD,,14.0,2.0,pending_pricing,"Awaiting regional pricing"
Pathology,"Coagulation - PTT",lab_coag_ptt,AE,AED,,57.0,9.0,pending_pricing,"Awaiting regional pricing"
Pathology,"Coagulation - PTT",lab_coag_ptt,BH,BHD,,5.8,0.9,pending_pricing,"Auto-converted from AED"
Pathology,"Coagulation - PTT",lab_coag_ptt,EG,EGP,270.0,311.0,46.6,active,
Pathology,"Coagulation - PTT",lab_coag_ptt,GB,GBP,,12.0,2.0,pending_pricing,"Awaiting regional pricing"
Pathology,"Coagulation - PTT",lab_coag_ptt,KW,KWD,,4.7,0.7,pending_pricing,"Auto-converted from AED"
Pathology,"Coagulation - PTT",lab_coag_ptt,OM,OMR,,6.0,0.9,pending_pricing,"Auto-converted from AED"
Pathology,"Coagulation - PTT",lab_coag_ptt,QA,QAR,,56.0,8.0,pending_pricing,"Auto-converted from AED"
Pathology,"Coagulation - PTT",lab_coag_ptt,SA,SAR,,58.0,9.0,pending_pricing,"Awaiting regional pricing"
Pathology,"Coagulation - PTT",lab_coag_ptt,US,USD,,16.0,2.0,pending_pricing,"Awaiting regional pricing"
Pathology,"Coagulation studies",LAB_COAG,,,,,,,
Pathology,Cytology,lab_cytology,AE,AED,,189.0,28.0,pending_pricing,"Awaiting regional pricing"
Pathology,Cytology,lab_cytology,BH,BHD,,19.4,2.9,pending_pricing,"Auto-converted from AED"
Pathology,Cytology,lab_cytology,EG,EGP,900.0,1035.0,155.3,active,
Pathology,Cytology,lab_cytology,GB,GBP,,41.0,6.0,pending_pricing,"Awaiting regional pricing"
Pathology,Cytology,lab_cytology,KW,KWD,,15.8,2.4,pending_pricing,"Auto-converted from AED"
Pathology,Cytology,lab_cytology,OM,OMR,,19.9,3.0,pending_pricing,"Auto-converted from AED"
Pathology,Cytology,lab_cytology,QA,QAR,,188.0,28.0,pending_pricing,"Auto-converted from AED"
Pathology,Cytology,lab_cytology,SA,SAR,,194.0,29.0,pending_pricing,"Awaiting regional pricing"
Pathology,Cytology,lab_cytology,US,USD,,52.0,8.0,pending_pricing,"Awaiting regional pricing"
Pathology,"Cytology: Body fluids",LAB_FLUIDS,,,,,,,
Pathology,"Cytology: Fine needle aspiration (FNA)",LAB_FNA,,,,,,,
Pathology,"Cytology: Pap smear",LAB_PAP,,,,,,,
Pathology,"Diabetes tests (HbA1c, fasting glucose)",LAB_DM,AE,AED,,130.0,20.0,pending_pricing,"Awaiting regional pricing"
Pathology,"Diabetes tests (HbA1c, fasting glucose)",LAB_DM,BH,BHD,,13.4,2.0,pending_pricing,"Auto-converted from AED"
Pathology,"Diabetes tests (HbA1c, fasting glucose)",LAB_DM,EG,EGP,620.0,713.0,107.0,active,
Pathology,"Diabetes tests (HbA1c, fasting glucose)",LAB_DM,GB,GBP,,29.0,4.0,pending_pricing,"Awaiting regional pricing"
Pathology,"Diabetes tests (HbA1c, fasting glucose)",LAB_DM,KW,KWD,,10.9,1.6,pending_pricing,"Auto-converted from AED"
Pathology,"Diabetes tests (HbA1c, fasting glucose)",LAB_DM,OM,OMR,,13.7,2.1,pending_pricing,"Auto-converted from AED"
Pathology,"Diabetes tests (HbA1c, fasting glucose)",LAB_DM,QA,QAR,,129.0,19.0,pending_pricing,"Auto-converted from AED"
Pathology,"Diabetes tests (HbA1c, fasting glucose)",LAB_DM,SA,SAR,,134.0,20.0,pending_pricing,"Awaiting regional pricing"
Pathology,"Diabetes tests (HbA1c, fasting glucose)",LAB_DM,US,USD,,36.0,5.0,pending_pricing,"Awaiting regional pricing"
Pathology,Electrolytes,LAB_ELEC,,,,,,,
Pathology,"Electrolytes - Potassium",lab_electrolytes_k,AE,AED,,48.0,7.0,pending_pricing,"Awaiting regional pricing"
Pathology,"Electrolytes - Potassium",lab_electrolytes_k,BH,BHD,,5.0,0.7,pending_pricing,"Auto-converted from AED"
Pathology,"Electrolytes - Potassium",lab_electrolytes_k,EG,EGP,230.0,265.0,39.8,active,
Pathology,"Electrolytes - Potassium",lab_electrolytes_k,GB,GBP,,11.0,2.0,pending_pricing,"Awaiting regional pricing"
Pathology,"Electrolytes - Potassium",lab_electrolytes_k,KW,KWD,,4.0,0.6,pending_pricing,"Auto-converted from AED"
Pathology,"Electrolytes - Potassium",lab_electrolytes_k,OM,OMR,,5.1,0.8,pending_pricing,"Auto-converted from AED"
Pathology,"Electrolytes - Potassium",lab_electrolytes_k,QA,QAR,,48.0,7.0,pending_pricing,"Auto-converted from AED"
Pathology,"Electrolytes - Potassium",lab_electrolytes_k,SA,SAR,,50.0,7.0,pending_pricing,"Awaiting regional pricing"
Pathology,"Electrolytes - Potassium",lab_electrolytes_k,US,USD,,13.0,2.0,pending_pricing,"Awaiting regional pricing"
Pathology,"Electrolytes - Sodium",lab_electrolytes_na,AE,AED,,48.0,7.0,pending_pricing,"Awaiting regional pricing"
Pathology,"Electrolytes - Sodium",lab_electrolytes_na,BH,BHD,,5.0,0.7,pending_pricing,"Auto-converted from AED"
Pathology,"Electrolytes - Sodium",lab_electrolytes_na,EG,EGP,230.0,265.0,39.8,active,
Pathology,"Electrolytes - Sodium",lab_electrolytes_na,GB,GBP,,11.0,2.0,pending_pricing,"Awaiting regional pricing"
Pathology,"Electrolytes - Sodium",lab_electrolytes_na,KW,KWD,,4.0,0.6,pending_pricing,"Auto-converted from AED"
Pathology,"Electrolytes - Sodium",lab_electrolytes_na,OM,OMR,,5.1,0.8,pending_pricing,"Auto-converted from AED"
Pathology,"Electrolytes - Sodium",lab_electrolytes_na,QA,QAR,,48.0,7.0,pending_pricing,"Auto-converted from AED"
Pathology,"Electrolytes - Sodium",lab_electrolytes_na,SA,SAR,,50.0,7.0,pending_pricing,"Awaiting regional pricing"
Pathology,"Electrolytes - Sodium",lab_electrolytes_na,US,USD,,13.0,2.0,pending_pricing,"Awaiting regional pricing"
Pathology,"Fine Needle Aspiration (FNA)",lab_fna,AE,AED,,,,pending_pricing,"Awaiting regional pricing"
Pathology,"Fine Needle Aspiration (FNA)",lab_fna,BH,BHD,,,,pending_pricing,"Auto-converted from AED"
Pathology,"Fine Needle Aspiration (FNA)",lab_fna,EG,EGP,,,,needs_clarification,
Pathology,"Fine Needle Aspiration (FNA)",lab_fna,GB,GBP,,,,pending_pricing,"Awaiting regional pricing"
Pathology,"Fine Needle Aspiration (FNA)",lab_fna,KW,KWD,,,,pending_pricing,"Auto-converted from AED"
Pathology,"Fine Needle Aspiration (FNA)",lab_fna,OM,OMR,,,,pending_pricing,"Auto-converted from AED"
Pathology,"Fine Needle Aspiration (FNA)",lab_fna,QA,QAR,,,,pending_pricing,"Auto-converted from AED"
Pathology,"Fine Needle Aspiration (FNA)",lab_fna,SA,SAR,,,,pending_pricing,"Awaiting regional pricing"
Pathology,"Fine Needle Aspiration (FNA)",lab_fna,US,USD,,,,pending_pricing,"Awaiting regional pricing"
Pathology,"Genetic & molecular testing",LAB_GEN,AE,AED,,,,pending_pricing,"Awaiting regional pricing"
Pathology,"Genetic & molecular testing",LAB_GEN,BH,BHD,,,,pending_pricing,"Auto-converted from AED"
Pathology,"Genetic & molecular testing",LAB_GEN,EG,EGP,,,,needs_clarification,
Pathology,"Genetic & molecular testing",LAB_GEN,GB,GBP,,,,pending_pricing,"Awaiting regional pricing"
Pathology,"Genetic & molecular testing",LAB_GEN,KW,KWD,,,,pending_pricing,"Auto-converted from AED"
Pathology,"Genetic & molecular testing",LAB_GEN,OM,OMR,,,,pending_pricing,"Auto-converted from AED"
Pathology,"Genetic & molecular testing",LAB_GEN,QA,QAR,,,,pending_pricing,"Auto-converted from AED"
Pathology,"Genetic & molecular testing",LAB_GEN,SA,SAR,,,,pending_pricing,"Awaiting regional pricing"
Pathology,"Genetic & molecular testing",LAB_GEN,US,USD,,,,pending_pricing,"Awaiting regional pricing"
Pathology,"Histopathology - Large Biopsy",lab_histo_large,AE,AED,,546.0,82.0,pending_pricing,"Awaiting regional pricing"
Pathology,"Histopathology - Large Biopsy",lab_histo_large,BH,BHD,,56.1,8.4,pending_pricing,"Auto-converted from AED"
Pathology,"Histopathology - Large Biopsy",lab_histo_large,EG,EGP,2600.0,2990.0,448.5,active,
Pathology,"Histopathology - Large Biopsy",lab_histo_large,GB,GBP,,120.0,18.0,pending_pricing,"Awaiting regional pricing"
Pathology,"Histopathology - Large Biopsy",lab_histo_large,KW,KWD,,45.6,6.8,pending_pricing,"Auto-converted from AED"
Pathology,"Histopathology - Large Biopsy",lab_histo_large,OM,OMR,,57.6,8.6,pending_pricing,"Auto-converted from AED"
Pathology,"Histopathology - Large Biopsy",lab_histo_large,QA,QAR,,542.0,81.0,pending_pricing,"Auto-converted from AED"
Pathology,"Histopathology - Large Biopsy",lab_histo_large,SA,SAR,,561.0,84.0,pending_pricing,"Awaiting regional pricing"
Pathology,"Histopathology - Large Biopsy",lab_histo_large,US,USD,,150.0,22.0,pending_pricing,"Awaiting regional pricing"
Pathology,"Histopathology - Organ/Resection",lab_histo_organ,AE,AED,,777.0,116.0,pending_pricing,"Awaiting regional pricing"
Pathology,"Histopathology - Organ/Resection",lab_histo_organ,BH,BHD,,79.8,12.0,pending_pricing,"Auto-converted from AED"
Pathology,"Histopathology - Organ/Resection",lab_histo_organ,EG,EGP,3700.0,4255.0,638.3,active,
Pathology,"Histopathology - Organ/Resection",lab_histo_organ,GB,GBP,,170.0,26.0,pending_pricing,"Awaiting regional pricing"
Pathology,"Histopathology - Organ/Resection",lab_histo_organ,KW,KWD,,64.9,9.7,pending_pricing,"Auto-converted from AED"
Pathology,"Histopathology - Organ/Resection",lab_histo_organ,OM,OMR,,81.9,12.3,pending_pricing,"Auto-converted from AED"
Pathology,"Histopathology - Organ/Resection",lab_histo_organ,QA,QAR,,771.0,116.0,pending_pricing,"Auto-converted from AED"
Pathology,"Histopathology - Organ/Resection",lab_histo_organ,SA,SAR,,798.0,120.0,pending_pricing,"Awaiting regional pricing"
Pathology,"Histopathology - Organ/Resection",lab_histo_organ,US,USD,,213.0,32.0,pending_pricing,"Awaiting regional pricing"
Pathology,"Histopathology - Small Biopsy",lab_histo_small,AE,AED,,304.0,46.0,pending_pricing,"Awaiting regional pricing"
Pathology,"Histopathology - Small Biopsy",lab_histo_small,BH,BHD,,31.3,4.7,pending_pricing,"Auto-converted from AED"
Pathology,"Histopathology - Small Biopsy",lab_histo_small,EG,EGP,1450.0,1668.0,250.2,active,
Pathology,"Histopathology - Small Biopsy",lab_histo_small,GB,GBP,,67.0,10.0,pending_pricing,"Awaiting regional pricing"
Pathology,"Histopathology - Small Biopsy",lab_histo_small,KW,KWD,,25.4,3.8,pending_pricing,"Auto-converted from AED"
Pathology,"Histopathology - Small Biopsy",lab_histo_small,OM,OMR,,32.1,4.8,pending_pricing,"Auto-converted from AED"
Pathology,"Histopathology - Small Biopsy",lab_histo_small,QA,QAR,,302.0,45.0,pending_pricing,"Auto-converted from AED"
Pathology,"Histopathology - Small Biopsy",lab_histo_small,SA,SAR,,313.0,47.0,pending_pricing,"Awaiting regional pricing"
Pathology,"Histopathology - Small Biopsy",lab_histo_small,US,USD,,83.0,13.0,pending_pricing,"Awaiting regional pricing"
Pathology,"Histopathology reports (biopsies)",LAB_HISTO,,,,,,,
Pathology,"Hormonal profiles",LAB_HORM,,,,,,,
Pathology,"Hormone - DHEA-S",lab_hormone_dhea,AE,AED,,92.0,14.0,pending_pricing,"Awaiting regional pricing"
Pathology,"Hormone - DHEA-S",lab_hormone_dhea,BH,BHD,,9.5,1.4,pending_pricing,"Auto-converted from AED"
Pathology,"Hormone - DHEA-S",lab_hormone_dhea,EG,EGP,440.0,506.0,75.9,active,
Pathology,"Hormone - DHEA-S",lab_hormone_dhea,GB,GBP,,20.0,3.0,pending_pricing,"Awaiting regional pricing"
Pathology,"Hormone - DHEA-S",lab_hormone_dhea,KW,KWD,,7.7,1.2,pending_pricing,"Auto-converted from AED"
Pathology,"Hormone - DHEA-S",lab_hormone_dhea,OM,OMR,,9.7,1.5,pending_pricing,"Auto-converted from AED"
Pathology,"Hormone - DHEA-S",lab_hormone_dhea,QA,QAR,,92.0,14.0,pending_pricing,"Auto-converted from AED"
Pathology,"Hormone - DHEA-S",lab_hormone_dhea,SA,SAR,,95.0,14.0,pending_pricing,"Awaiting regional pricing"
Pathology,"Hormone - DHEA-S",lab_hormone_dhea,US,USD,,25.0,4.0,pending_pricing,"Awaiting regional pricing"
Pathology,"Hormone - Estradiol (E2)",lab_hormone_e2,AE,AED,,69.0,10.0,pending_pricing,"Awaiting regional pricing"
Pathology,"Hormone - Estradiol (E2)",lab_hormone_e2,BH,BHD,,7.1,1.1,pending_pricing,"Auto-converted from AED"
Pathology,"Hormone - Estradiol (E2)",lab_hormone_e2,EG,EGP,330.0,380.0,57.0,active,
Pathology,"Hormone - Estradiol (E2)",lab_hormone_e2,GB,GBP,,15.0,2.0,pending_pricing,"Awaiting regional pricing"
Pathology,"Hormone - Estradiol (E2)",lab_hormone_e2,KW,KWD,,5.8,0.9,pending_pricing,"Auto-converted from AED"
Pathology,"Hormone - Estradiol (E2)",lab_hormone_e2,OM,OMR,,7.3,1.1,pending_pricing,"Auto-converted from AED"
Pathology,"Hormone - Estradiol (E2)",lab_hormone_e2,QA,QAR,,69.0,10.0,pending_pricing,"Auto-converted from AED"
Pathology,"Hormone - Estradiol (E2)",lab_hormone_e2,SA,SAR,,71.0,11.0,pending_pricing,"Awaiting regional pricing"
Pathology,"Hormone - Estradiol (E2)",lab_hormone_e2,US,USD,,19.0,3.0,pending_pricing,"Awaiting regional pricing"
Pathology,"Hormone - FSH",lab_hormone_fsh,AE,AED,,69.0,10.0,pending_pricing,"Awaiting regional pricing"
Pathology,"Hormone - FSH",lab_hormone_fsh,BH,BHD,,7.1,1.1,pending_pricing,"Auto-converted from AED"
Pathology,"Hormone - FSH",lab_hormone_fsh,EG,EGP,330.0,380.0,57.0,active,
Pathology,"Hormone - FSH",lab_hormone_fsh,GB,GBP,,15.0,2.0,pending_pricing,"Awaiting regional pricing"
Pathology,"Hormone - FSH",lab_hormone_fsh,KW,KWD,,5.8,0.9,pending_pricing,"Auto-converted from AED"
Pathology,"Hormone - FSH",lab_hormone_fsh,OM,OMR,,7.3,1.1,pending_pricing,"Auto-converted from AED"
Pathology,"Hormone - FSH",lab_hormone_fsh,QA,QAR,,69.0,10.0,pending_pricing,"Auto-converted from AED"
Pathology,"Hormone - FSH",lab_hormone_fsh,SA,SAR,,71.0,11.0,pending_pricing,"Awaiting regional pricing"
Pathology,"Hormone - FSH",lab_hormone_fsh,US,USD,,19.0,3.0,pending_pricing,"Awaiting regional pricing"
Pathology,"Hormone - LH",lab_hormone_lh,AE,AED,,63.0,9.0,pending_pricing,"Awaiting regional pricing"
Pathology,"Hormone - LH",lab_hormone_lh,BH,BHD,,6.5,1.0,pending_pricing,"Auto-converted from AED"
Pathology,"Hormone - LH",lab_hormone_lh,EG,EGP,300.0,345.0,51.8,active,
Pathology,"Hormone - LH",lab_hormone_lh,GB,GBP,,14.0,2.0,pending_pricing,"Awaiting regional pricing"
Pathology,"Hormone - LH",lab_hormone_lh,KW,KWD,,5.3,0.8,pending_pricing,"Auto-converted from AED"
Pathology,"Hormone - LH",lab_hormone_lh,OM,OMR,,6.6,1.0,pending_pricing,"Auto-converted from AED"
Pathology,"Hormone - LH",lab_hormone_lh,QA,QAR,,63.0,9.0,pending_pricing,"Auto-converted from AED"
Pathology,"Hormone - LH",lab_hormone_lh,SA,SAR,,65.0,10.0,pending_pricing,"Awaiting regional pricing"
Pathology,"Hormone - LH",lab_hormone_lh,US,USD,,17.0,3.0,pending_pricing,"Awaiting regional pricing"
Pathology,"Hormone - Prolactin",lab_hormone_prl,AE,AED,,69.0,10.0,pending_pricing,"Awaiting regional pricing"
Pathology,"Hormone - Prolactin",lab_hormone_prl,BH,BHD,,7.1,1.1,pending_pricing,"Auto-converted from AED"
Pathology,"Hormone - Prolactin",lab_hormone_prl,EG,EGP,330.0,380.0,57.0,active,
Pathology,"Hormone - Prolactin",lab_hormone_prl,GB,GBP,,15.0,2.0,pending_pricing,"Awaiting regional pricing"
Pathology,"Hormone - Prolactin",lab_hormone_prl,KW,KWD,,5.8,0.9,pending_pricing,"Auto-converted from AED"
Pathology,"Hormone - Prolactin",lab_hormone_prl,OM,OMR,,7.3,1.1,pending_pricing,"Auto-converted from AED"
Pathology,"Hormone - Prolactin",lab_hormone_prl,QA,QAR,,69.0,10.0,pending_pricing,"Auto-converted from AED"
Pathology,"Hormone - Prolactin",lab_hormone_prl,SA,SAR,,71.0,11.0,pending_pricing,"Awaiting regional pricing"
Pathology,"Hormone - Prolactin",lab_hormone_prl,US,USD,,19.0,3.0,pending_pricing,"Awaiting regional pricing"
Pathology,"Hormone - Testosterone",lab_hormone_testo,AE,AED,,143.0,21.0,pending_pricing,"Awaiting regional pricing"
Pathology,"Hormone - Testosterone",lab_hormone_testo,BH,BHD,,14.7,2.2,pending_pricing,"Auto-converted from AED"
Pathology,"Hormone - Testosterone",lab_hormone_testo,EG,EGP,680.0,782.0,117.3,active,
Pathology,"Hormone - Testosterone",lab_hormone_testo,GB,GBP,,31.0,5.0,pending_pricing,"Awaiting regional pricing"
Pathology,"Hormone - Testosterone",lab_hormone_testo,KW,KWD,,11.9,1.8,pending_pricing,"Auto-converted from AED"
Pathology,"Hormone - Testosterone",lab_hormone_testo,OM,OMR,,15.1,2.3,pending_pricing,"Auto-converted from AED"
Pathology,"Hormone - Testosterone",lab_hormone_testo,QA,QAR,,142.0,21.0,pending_pricing,"Auto-converted from AED"
Pathology,"Hormone - Testosterone",lab_hormone_testo,SA,SAR,,147.0,22.0,pending_pricing,"Awaiting regional pricing"
Pathology,"Hormone - Testosterone",lab_hormone_testo,US,USD,,39.0,6.0,pending_pricing,"Awaiting regional pricing"
Pathology,"Kidney Function - Creatinine",lab_kidney_creat,AE,AED,,38.0,6.0,pending_pricing,"Awaiting regional pricing"
Pathology,"Kidney Function - Creatinine",lab_kidney_creat,BH,BHD,,3.9,0.6,pending_pricing,"Auto-converted from AED"
Pathology,"Kidney Function - Creatinine",lab_kidney_creat,EG,EGP,180.0,207.0,31.0,active,
Pathology,"Kidney Function - Creatinine",lab_kidney_creat,GB,GBP,,8.0,1.0,pending_pricing,"Awaiting regional pricing"
Pathology,"Kidney Function - Creatinine",lab_kidney_creat,KW,KWD,,3.2,0.5,pending_pricing,"Auto-converted from AED"
Pathology,"Kidney Function - Creatinine",lab_kidney_creat,OM,OMR,,4.0,0.6,pending_pricing,"Auto-converted from AED"
Pathology,"Kidney Function - Creatinine",lab_kidney_creat,QA,QAR,,38.0,6.0,pending_pricing,"Auto-converted from AED"
Pathology,"Kidney Function - Creatinine",lab_kidney_creat,SA,SAR,,39.0,6.0,pending_pricing,"Awaiting regional pricing"
Pathology,"Kidney Function - Creatinine",lab_kidney_creat,US,USD,,10.0,2.0,pending_pricing,"Awaiting regional pricing"
Pathology,"Kidney Function - Urea",lab_kidney_urea,AE,AED,,38.0,6.0,pending_pricing,"Awaiting regional pricing"
Pathology,"Kidney Function - Urea",lab_kidney_urea,BH,BHD,,3.9,0.6,pending_pricing,"Auto-converted from AED"
Pathology,"Kidney Function - Urea",lab_kidney_urea,EG,EGP,180.0,207.0,31.0,active,
Pathology,"Kidney Function - Urea",lab_kidney_urea,GB,GBP,,8.0,1.0,pending_pricing,"Awaiting regional pricing"
Pathology,"Kidney Function - Urea",lab_kidney_urea,KW,KWD,,3.2,0.5,pending_pricing,"Auto-converted from AED"
Pathology,"Kidney Function - Urea",lab_kidney_urea,OM,OMR,,4.0,0.6,pending_pricing,"Auto-converted from AED"
Pathology,"Kidney Function - Urea",lab_kidney_urea,QA,QAR,,38.0,6.0,pending_pricing,"Auto-converted from AED"
Pathology,"Kidney Function - Urea",lab_kidney_urea,SA,SAR,,39.0,6.0,pending_pricing,"Awaiting regional pricing"
Pathology,"Kidney Function - Urea",lab_kidney_urea,US,USD,,10.0,2.0,pending_pricing,"Awaiting regional pricing"
Pathology,"Kidney Function - Uric Acid",lab_kidney_uric_acid,AE,AED,,38.0,6.0,pending_pricing,"Awaiting regional pricing"
Pathology,"Kidney Function - Uric Acid",lab_kidney_uric_acid,BH,BHD,,3.9,0.6,pending_pricing,"Auto-converted from AED"
Pathology,"Kidney Function - Uric Acid",lab_kidney_uric_acid,EG,EGP,180.0,207.0,31.0,active,
Pathology,"Kidney Function - Uric Acid",lab_kidney_uric_acid,GB,GBP,,8.0,1.0,pending_pricing,"Awaiting regional pricing"
Pathology,"Kidney Function - Uric Acid",lab_kidney_uric_acid,KW,KWD,,3.2,0.5,pending_pricing,"Auto-converted from AED"
Pathology,"Kidney Function - Uric Acid",lab_kidney_uric_acid,OM,OMR,,4.0,0.6,pending_pricing,"Auto-converted from AED"
Pathology,"Kidney Function - Uric Acid",lab_kidney_uric_acid,QA,QAR,,38.0,6.0,pending_pricing,"Auto-converted from AED"
Pathology,"Kidney Function - Uric Acid",lab_kidney_uric_acid,SA,SAR,,39.0,6.0,pending_pricing,"Awaiting regional pricing"
Pathology,"Kidney Function - Uric Acid",lab_kidney_uric_acid,US,USD,,10.0,2.0,pending_pricing,"Awaiting regional pricing"
Pathology,"Kidney function",LAB_KID,,,,,,,
Pathology,"Lipid profile",LAB_LIP,,,,,,,
Pathology,"Liver Function - ALP",lab_liver_alp,AE,AED,,40.0,6.0,pending_pricing,"Awaiting regional pricing"
Pathology,"Liver Function - ALP",lab_liver_alp,BH,BHD,,4.1,0.6,pending_pricing,"Auto-converted from AED"
Pathology,"Liver Function - ALP",lab_liver_alp,EG,EGP,190.0,219.0,32.9,active,
Pathology,"Liver Function - ALP",lab_liver_alp,GB,GBP,,9.0,1.0,pending_pricing,"Awaiting regional pricing"
Pathology,"Liver Function - ALP",lab_liver_alp,KW,KWD,,3.3,0.5,pending_pricing,"Auto-converted from AED"
Pathology,"Liver Function - ALP",lab_liver_alp,OM,OMR,,4.2,0.6,pending_pricing,"Auto-converted from AED"
Pathology,"Liver Function - ALP",lab_liver_alp,QA,QAR,,40.0,6.0,pending_pricing,"Auto-converted from AED"
Pathology,"Liver Function - ALP",lab_liver_alp,SA,SAR,,41.0,6.0,pending_pricing,"Awaiting regional pricing"
Pathology,"Liver Function - ALP",lab_liver_alp,US,USD,,11.0,2.0,pending_pricing,"Awaiting regional pricing"
Pathology,"Liver Function - ALT",lab_liver_alt,AE,AED,,38.0,6.0,pending_pricing,"Awaiting regional pricing"
Pathology,"Liver Function - ALT",lab_liver_alt,BH,BHD,,3.9,0.6,pending_pricing,"Auto-converted from AED"
Pathology,"Liver Function - ALT",lab_liver_alt,EG,EGP,180.0,207.0,31.0,active,
Pathology,"Liver Function - ALT",lab_liver_alt,GB,GBP,,8.0,1.0,pending_pricing,"Awaiting regional pricing"
Pathology,"Liver Function - ALT",lab_liver_alt,KW,KWD,,3.2,0.5,pending_pricing,"Auto-converted from AED"
Pathology,"Liver Function - ALT",lab_liver_alt,OM,OMR,,4.0,0.6,pending_pricing,"Auto-converted from AED"
Pathology,"Liver Function - ALT",lab_liver_alt,QA,QAR,,38.0,6.0,pending_pricing,"Auto-converted from AED"
Pathology,"Liver Function - ALT",lab_liver_alt,SA,SAR,,39.0,6.0,pending_pricing,"Awaiting regional pricing"
Pathology,"Liver Function - ALT",lab_liver_alt,US,USD,,10.0,2.0,pending_pricing,"Awaiting regional pricing"
Pathology,"Liver Function - AST",lab_liver_ast,AE,AED,,38.0,6.0,pending_pricing,"Awaiting regional pricing"
Pathology,"Liver Function - AST",lab_liver_ast,BH,BHD,,3.9,0.6,pending_pricing,"Auto-converted from AED"
Pathology,"Liver Function - AST",lab_liver_ast,EG,EGP,180.0,207.0,31.0,active,
Pathology,"Liver Function - AST",lab_liver_ast,GB,GBP,,8.0,1.0,pending_pricing,"Awaiting regional pricing"
Pathology,"Liver Function - AST",lab_liver_ast,KW,KWD,,3.2,0.5,pending_pricing,"Auto-converted from AED"
Pathology,"Liver Function - AST",lab_liver_ast,OM,OMR,,4.0,0.6,pending_pricing,"Auto-converted from AED"
Pathology,"Liver Function - AST",lab_liver_ast,QA,QAR,,38.0,6.0,pending_pricing,"Auto-converted from AED"
Pathology,"Liver Function - AST",lab_liver_ast,SA,SAR,,39.0,6.0,pending_pricing,"Awaiting regional pricing"
Pathology,"Liver Function - AST",lab_liver_ast,US,USD,,10.0,2.0,pending_pricing,"Awaiting regional pricing"
Pathology,"Liver Function - Albumin",lab_liver_albumin,AE,AED,,40.0,6.0,pending_pricing,"Awaiting regional pricing"
Pathology,"Liver Function - Albumin",lab_liver_albumin,BH,BHD,,4.1,0.6,pending_pricing,"Auto-converted from AED"
Pathology,"Liver Function - Albumin",lab_liver_albumin,EG,EGP,190.0,219.0,32.9,active,
Pathology,"Liver Function - Albumin",lab_liver_albumin,GB,GBP,,9.0,1.0,pending_pricing,"Awaiting regional pricing"
Pathology,"Liver Function - Albumin",lab_liver_albumin,KW,KWD,,3.3,0.5,pending_pricing,"Auto-converted from AED"
Pathology,"Liver Function - Albumin",lab_liver_albumin,OM,OMR,,4.2,0.6,pending_pricing,"Auto-converted from AED"
Pathology,"Liver Function - Albumin",lab_liver_albumin,QA,QAR,,40.0,6.0,pending_pricing,"Auto-converted from AED"
Pathology,"Liver Function - Albumin",lab_liver_albumin,SA,SAR,,41.0,6.0,pending_pricing,"Awaiting regional pricing"
Pathology,"Liver Function - Albumin",lab_liver_albumin,US,USD,,11.0,2.0,pending_pricing,"Awaiting regional pricing"
Pathology,"Liver Function - GGT",lab_liver_ggt,AE,AED,,46.0,7.0,pending_pricing,"Awaiting regional pricing"
Pathology,"Liver Function - GGT",lab_liver_ggt,BH,BHD,,4.7,0.7,pending_pricing,"Auto-converted from AED"
Pathology,"Liver Function - GGT",lab_liver_ggt,EG,EGP,220.0,253.0,37.9,active,
Pathology,"Liver Function - GGT",lab_liver_ggt,GB,GBP,,10.0,2.0,pending_pricing,"Awaiting regional pricing"
Pathology,"Liver Function - GGT",lab_liver_ggt,KW,KWD,,3.9,0.6,pending_pricing,"Auto-converted from AED"
Pathology,"Liver Function - GGT",lab_liver_ggt,OM,OMR,,4.9,0.7,pending_pricing,"Auto-converted from AED"
Pathology,"Liver Function - GGT",lab_liver_ggt,QA,QAR,,46.0,7.0,pending_pricing,"Auto-converted from AED"
Pathology,"Liver Function - GGT",lab_liver_ggt,SA,SAR,,47.0,7.0,pending_pricing,"Awaiting regional pricing"
Pathology,"Liver Function - GGT",lab_liver_ggt,US,USD,,13.0,2.0,pending_pricing,"Awaiting regional pricing"
Pathology,"Liver function",LAB_LFT,,,,,,,
Pathology,"Microbiology - Blood C&S",lab_micro_blood_cs,AE,AED,,174.0,26.0,pending_pricing,"Awaiting regional pricing"
Pathology,"Microbiology - Blood C&S",lab_micro_blood_cs,BH,BHD,,17.9,2.7,pending_pricing,"Auto-converted from AED"
Pathology,"Microbiology - Blood C&S",lab_micro_blood_cs,EG,EGP,830.0,955.0,143.3,active,
Pathology,"Microbiology - Blood C&S",lab_micro_blood_cs,GB,GBP,,38.0,6.0,pending_pricing,"Awaiting regional pricing"
Pathology,"Microbiology - Blood C&S",lab_micro_blood_cs,KW,KWD,,14.6,2.2,pending_pricing,"Auto-converted from AED"
Pathology,"Microbiology - Blood C&S",lab_micro_blood_cs,OM,OMR,,18.4,2.8,pending_pricing,"Auto-converted from AED"
Pathology,"Microbiology - Blood C&S",lab_micro_blood_cs,QA,QAR,,173.0,26.0,pending_pricing,"Auto-converted from AED"
Pathology,"Microbiology - Blood C&S",lab_micro_blood_cs,SA,SAR,,179.0,27.0,pending_pricing,"Awaiting regional pricing"
Pathology,"Microbiology - Blood C&S",lab_micro_blood_cs,US,USD,,48.0,7.0,pending_pricing,"Awaiting regional pricing"
Pathology,"Microbiology - Sputum C&S",lab_micro_sputum_cs,AE,AED,,1259.0,189.0,pending_pricing,"Awaiting regional pricing"
Pathology,"Microbiology - Sputum C&S",lab_micro_sputum_cs,BH,BHD,,129.4,19.4,pending_pricing,"Auto-converted from AED"
Pathology,"Microbiology - Sputum C&S",lab_micro_sputum_cs,EG,EGP,6000.0,6900.0,1035.0,active,
Pathology,"Microbiology - Sputum C&S",lab_micro_sputum_cs,GB,GBP,,276.0,41.0,pending_pricing,"Awaiting regional pricing"
Pathology,"Microbiology - Sputum C&S",lab_micro_sputum_cs,KW,KWD,,105.2,15.8,pending_pricing,"Auto-converted from AED"
Pathology,"Microbiology - Sputum C&S",lab_micro_sputum_cs,OM,OMR,,132.8,19.9,pending_pricing,"Auto-converted from AED"
Pathology,"Microbiology - Sputum C&S",lab_micro_sputum_cs,QA,QAR,,1251.0,188.0,pending_pricing,"Auto-converted from AED"
Pathology,"Microbiology - Sputum C&S",lab_micro_sputum_cs,SA,SAR,,1294.0,194.0,pending_pricing,"Awaiting regional pricing"
Pathology,"Microbiology - Sputum C&S",lab_micro_sputum_cs,US,USD,,345.0,52.0,pending_pricing,"Awaiting regional pricing"
Pathology,"Microbiology - Stool C&S",lab_micro_stool_cs,AE,AED,,126.0,19.0,pending_pricing,"Awaiting regional pricing"
Pathology,"Microbiology - Stool C&S",lab_micro_stool_cs,BH,BHD,,12.9,1.9,pending_pricing,"Auto-converted from AED"
Pathology,"Microbiology - Stool C&S",lab_micro_stool_cs,EG,EGP,600.0,690.0,103.5,active,
Pathology,"Microbiology - Stool C&S",lab_micro_stool_cs,GB,GBP,,28.0,4.0,pending_pricing,"Awaiting regional pricing"
Pathology,"Microbiology - Stool C&S",lab_micro_stool_cs,KW,KWD,,10.5,1.6,pending_pricing,"Auto-converted from AED"
Pathology,"Microbiology - Stool C&S",lab_micro_stool_cs,OM,OMR,,13.3,2.0,pending_pricing,"Auto-converted from AED"
Pathology,"Microbiology - Stool C&S",lab_micro_stool_cs,QA,QAR,,125.0,19.0,pending_pricing,"Auto-converted from AED"
Pathology,"Microbiology - Stool C&S",lab_micro_stool_cs,SA,SAR,,129.0,19.0,pending_pricing,"Awaiting regional pricing"
Pathology,"Microbiology - Stool C&S",lab_micro_stool_cs,US,USD,,35.0,5.0,pending_pricing,"Awaiting regional pricing"
Pathology,"Microbiology - Urine C&S",lab_micro_urine_cs,AE,AED,,113.0,17.0,pending_pricing,"Awaiting regional pricing"
Pathology,"Microbiology - Urine C&S",lab_micro_urine_cs,BH,BHD,,11.6,1.7,pending_pricing,"Auto-converted from AED"
Pathology,"Microbiology - Urine C&S",lab_micro_urine_cs,EG,EGP,540.0,621.0,93.1,active,
Pathology,"Microbiology - Urine C&S",lab_micro_urine_cs,GB,GBP,,25.0,4.0,pending_pricing,"Awaiting regional pricing"
Pathology,"Microbiology - Urine C&S",lab_micro_urine_cs,KW,KWD,,9.5,1.4,pending_pricing,"Auto-converted from AED"
Pathology,"Microbiology - Urine C&S",lab_micro_urine_cs,OM,OMR,,12.0,1.8,pending_pricing,"Auto-converted from AED"
Pathology,"Microbiology - Urine C&S",lab_micro_urine_cs,QA,QAR,,113.0,17.0,pending_pricing,"Auto-converted from AED"
Pathology,"Microbiology - Urine C&S",lab_micro_urine_cs,SA,SAR,,116.0,17.0,pending_pricing,"Awaiting regional pricing"
Pathology,"Microbiology - Urine C&S",lab_micro_urine_cs,US,USD,,31.0,5.0,pending_pricing,"Awaiting regional pricing"
Pathology,"Microbiology: Bacterial cultures",LAB_MICRO,,,,,,,
Pathology,"Microbiology: Sensitivity results",LAB_SENS,,,,,,,
Pathology,"Pap Smear",lab_pap_smear,AE,AED,,,,pending_pricing,"Awaiting regional pricing"
Pathology,"Pap Smear",lab_pap_smear,BH,BHD,,,,pending_pricing,"Auto-converted from AED"
Pathology,"Pap Smear",lab_pap_smear,EG,EGP,,,,needs_clarification,
Pathology,"Pap Smear",lab_pap_smear,GB,GBP,,,,pending_pricing,"Awaiting regional pricing"
Pathology,"Pap Smear",lab_pap_smear,KW,KWD,,,,pending_pricing,"Auto-converted from AED"
Pathology,"Pap Smear",lab_pap_smear,OM,OMR,,,,pending_pricing,"Auto-converted from AED"
Pathology,"Pap Smear",lab_pap_smear,QA,QAR,,,,pending_pricing,"Auto-converted from AED"
Pathology,"Pap Smear",lab_pap_smear,SA,SAR,,,,pending_pricing,"Awaiting regional pricing"
Pathology,"Pap Smear",lab_pap_smear,US,USD,,,,pending_pricing,"Awaiting regional pricing"
Pathology,"Sensitivity Testing",lab_sensitivity,AE,AED,,,,pending_pricing,"Awaiting regional pricing"
Pathology,"Sensitivity Testing",lab_sensitivity,BH,BHD,,,,pending_pricing,"Auto-converted from AED"
Pathology,"Sensitivity Testing",lab_sensitivity,EG,EGP,,,,needs_clarification,
Pathology,"Sensitivity Testing",lab_sensitivity,GB,GBP,,,,pending_pricing,"Awaiting regional pricing"
Pathology,"Sensitivity Testing",lab_sensitivity,KW,KWD,,,,pending_pricing,"Auto-converted from AED"
Pathology,"Sensitivity Testing",lab_sensitivity,OM,OMR,,,,pending_pricing,"Auto-converted from AED"
Pathology,"Sensitivity Testing",lab_sensitivity,QA,QAR,,,,pending_pricing,"Auto-converted from AED"
Pathology,"Sensitivity Testing",lab_sensitivity,SA,SAR,,,,pending_pricing,"Awaiting regional pricing"
Pathology,"Sensitivity Testing",lab_sensitivity,US,USD,,,,pending_pricing,"Awaiting regional pricing"
Pathology,"Stool analysis",LAB_SA,AE,AED,,36.0,5.0,pending_pricing,"Awaiting regional pricing"
Pathology,"Stool analysis",LAB_SA,BH,BHD,,3.7,0.6,pending_pricing,"Auto-converted from AED"
Pathology,"Stool analysis",LAB_SA,EG,EGP,170.0,196.0,29.4,active,
Pathology,"Stool analysis",LAB_SA,GB,GBP,,8.0,1.0,pending_pricing,"Awaiting regional pricing"
Pathology,"Stool analysis",LAB_SA,KW,KWD,,3.0,0.4,pending_pricing,"Auto-converted from AED"
Pathology,"Stool analysis",LAB_SA,OM,OMR,,3.8,0.6,pending_pricing,"Auto-converted from AED"
Pathology,"Stool analysis",LAB_SA,QA,QAR,,36.0,5.0,pending_pricing,"Auto-converted from AED"
Pathology,"Stool analysis",LAB_SA,SA,SAR,,37.0,6.0,pending_pricing,"Awaiting regional pricing"
Pathology,"Stool analysis",LAB_SA,US,USD,,10.0,1.0,pending_pricing,"Awaiting regional pricing"
Pathology,"Stool culture",LAB_SC,AE,AED,,126.0,19.0,pending_pricing,"Awaiting regional pricing"
Pathology,"Stool culture",LAB_SC,BH,BHD,,12.9,1.9,pending_pricing,"Auto-converted from AED"
Pathology,"Stool culture",LAB_SC,EG,EGP,600.0,690.0,103.5,active,
Pathology,"Stool culture",LAB_SC,GB,GBP,,28.0,4.0,pending_pricing,"Awaiting regional pricing"
Pathology,"Stool culture",LAB_SC,KW,KWD,,10.5,1.6,pending_pricing,"Auto-converted from AED"
Pathology,"Stool culture",LAB_SC,OM,OMR,,13.3,2.0,pending_pricing,"Auto-converted from AED"
Pathology,"Stool culture",LAB_SC,QA,QAR,,125.0,19.0,pending_pricing,"Auto-converted from AED"
Pathology,"Stool culture",LAB_SC,SA,SAR,,129.0,19.0,pending_pricing,"Awaiting regional pricing"
Pathology,"Stool culture",LAB_SC,US,USD,,35.0,5.0,pending_pricing,"Awaiting regional pricing"
Pathology,"Thyroid panel",LAB_THY,,,,,,,
Pathology,"Tumor Marker - AFP",lab_tumor_afp,AE,AED,,92.0,14.0,pending_pricing,"Awaiting regional pricing"
Pathology,"Tumor Marker - AFP",lab_tumor_afp,BH,BHD,,9.5,1.4,pending_pricing,"Auto-converted from AED"
Pathology,"Tumor Marker - AFP",lab_tumor_afp,EG,EGP,440.0,506.0,75.9,active,
Pathology,"Tumor Marker - AFP",lab_tumor_afp,GB,GBP,,20.0,3.0,pending_pricing,"Awaiting regional pricing"
Pathology,"Tumor Marker - AFP",lab_tumor_afp,KW,KWD,,7.7,1.2,pending_pricing,"Auto-converted from AED"
Pathology,"Tumor Marker - AFP",lab_tumor_afp,OM,OMR,,9.7,1.5,pending_pricing,"Auto-converted from AED"
Pathology,"Tumor Marker - AFP",lab_tumor_afp,QA,QAR,,92.0,14.0,pending_pricing,"Auto-converted from AED"
Pathology,"Tumor Marker - AFP",lab_tumor_afp,SA,SAR,,95.0,14.0,pending_pricing,"Awaiting regional pricing"
Pathology,"Tumor Marker - AFP",lab_tumor_afp,US,USD,,25.0,4.0,pending_pricing,"Awaiting regional pricing"
Pathology,"Tumor Marker - CA 125",lab_tumor_ca125,AE,AED,,126.0,19.0,pending_pricing,"Awaiting regional pricing"
Pathology,"Tumor Marker - CA 125",lab_tumor_ca125,BH,BHD,,12.9,1.9,pending_pricing,"Auto-converted from AED"
Pathology,"Tumor Marker - CA 125",lab_tumor_ca125,EG,EGP,600.0,690.0,103.5,active,
Pathology,"Tumor Marker - CA 125",lab_tumor_ca125,GB,GBP,,28.0,4.0,pending_pricing,"Awaiting regional pricing"
Pathology,"Tumor Marker - CA 125",lab_tumor_ca125,KW,KWD,,10.5,1.6,pending_pricing,"Auto-converted from AED"
Pathology,"Tumor Marker - CA 125",lab_tumor_ca125,OM,OMR,,13.3,2.0,pending_pricing,"Auto-converted from AED"
Pathology,"Tumor Marker - CA 125",lab_tumor_ca125,QA,QAR,,125.0,19.0,pending_pricing,"Auto-converted from AED"
Pathology,"Tumor Marker - CA 125",lab_tumor_ca125,SA,SAR,,129.0,19.0,pending_pricing,"Awaiting regional pricing"
Pathology,"Tumor Marker - CA 125",lab_tumor_ca125,US,USD,,35.0,5.0,pending_pricing,"Awaiting regional pricing"
Pathology,"Tumor Marker - CA 15-3",lab_tumor_ca153,AE,AED,,126.0,19.0,pending_pricing,"Awaiting regional pricing"
Pathology,"Tumor Marker - CA 15-3",lab_tumor_ca153,BH,BHD,,12.9,1.9,pending_pricing,"Auto-converted from AED"
Pathology,"Tumor Marker - CA 15-3",lab_tumor_ca153,EG,EGP,600.0,690.0,103.5,active,
Pathology,"Tumor Marker - CA 15-3",lab_tumor_ca153,GB,GBP,,28.0,4.0,pending_pricing,"Awaiting regional pricing"
Pathology,"Tumor Marker - CA 15-3",lab_tumor_ca153,KW,KWD,,10.5,1.6,pending_pricing,"Auto-converted from AED"
Pathology,"Tumor Marker - CA 15-3",lab_tumor_ca153,OM,OMR,,13.3,2.0,pending_pricing,"Auto-converted from AED"
Pathology,"Tumor Marker - CA 15-3",lab_tumor_ca153,QA,QAR,,125.0,19.0,pending_pricing,"Auto-converted from AED"
Pathology,"Tumor Marker - CA 15-3",lab_tumor_ca153,SA,SAR,,129.0,19.0,pending_pricing,"Awaiting regional pricing"
Pathology,"Tumor Marker - CA 15-3",lab_tumor_ca153,US,USD,,35.0,5.0,pending_pricing,"Awaiting regional pricing"
Pathology,"Tumor Marker - CA 19-9",lab_tumor_ca199,AE,AED,,126.0,19.0,pending_pricing,"Awaiting regional pricing"
Pathology,"Tumor Marker - CA 19-9",lab_tumor_ca199,BH,BHD,,12.9,1.9,pending_pricing,"Auto-converted from AED"
Pathology,"Tumor Marker - CA 19-9",lab_tumor_ca199,EG,EGP,600.0,690.0,103.5,active,
Pathology,"Tumor Marker - CA 19-9",lab_tumor_ca199,GB,GBP,,28.0,4.0,pending_pricing,"Awaiting regional pricing"
Pathology,"Tumor Marker - CA 19-9",lab_tumor_ca199,KW,KWD,,10.5,1.6,pending_pricing,"Auto-converted from AED"
Pathology,"Tumor Marker - CA 19-9",lab_tumor_ca199,OM,OMR,,13.3,2.0,pending_pricing,"Auto-converted from AED"
Pathology,"Tumor Marker - CA 19-9",lab_tumor_ca199,QA,QAR,,125.0,19.0,pending_pricing,"Auto-converted from AED"
Pathology,"Tumor Marker - CA 19-9",lab_tumor_ca199,SA,SAR,,129.0,19.0,pending_pricing,"Awaiting regional pricing"
Pathology,"Tumor Marker - CA 19-9",lab_tumor_ca199,US,USD,,35.0,5.0,pending_pricing,"Awaiting regional pricing"
Pathology,"Tumor Marker - CEA",lab_tumor_cea,AE,AED,,92.0,14.0,pending_pricing,"Awaiting regional pricing"
Pathology,"Tumor Marker - CEA",lab_tumor_cea,BH,BHD,,9.5,1.4,pending_pricing,"Auto-converted from AED"
Pathology,"Tumor Marker - CEA",lab_tumor_cea,EG,EGP,440.0,506.0,75.9,active,
Pathology,"Tumor Marker - CEA",lab_tumor_cea,GB,GBP,,20.0,3.0,pending_pricing,"Awaiting regional pricing"
Pathology,"Tumor Marker - CEA",lab_tumor_cea,KW,KWD,,7.7,1.2,pending_pricing,"Auto-converted from AED"
Pathology,"Tumor Marker - CEA",lab_tumor_cea,OM,OMR,,9.7,1.5,pending_pricing,"Auto-converted from AED"
Pathology,"Tumor Marker - CEA",lab_tumor_cea,QA,QAR,,92.0,14.0,pending_pricing,"Auto-converted from AED"
Pathology,"Tumor Marker - CEA",lab_tumor_cea,SA,SAR,,95.0,14.0,pending_pricing,"Awaiting regional pricing"
Pathology,"Tumor Marker - CEA",lab_tumor_cea,US,USD,,25.0,4.0,pending_pricing,"Awaiting regional pricing"
Pathology,"Tumor Marker - PSA",lab_tumor_psa,AE,AED,,97.0,14.0,pending_pricing,"Awaiting regional pricing"
Pathology,"Tumor Marker - PSA",lab_tumor_psa,BH,BHD,,9.9,1.5,pending_pricing,"Auto-converted from AED"
Pathology,"Tumor Marker - PSA",lab_tumor_psa,EG,EGP,460.0,529.0,79.3,active,
Pathology,"Tumor Marker - PSA",lab_tumor_psa,GB,GBP,,21.0,3.0,pending_pricing,"Awaiting regional pricing"
Pathology,"Tumor Marker - PSA",lab_tumor_psa,KW,KWD,,8.1,1.2,pending_pricing,"Auto-converted from AED"
Pathology,"Tumor Marker - PSA",lab_tumor_psa,OM,OMR,,10.2,1.5,pending_pricing,"Auto-converted from AED"
Pathology,"Tumor Marker - PSA",lab_tumor_psa,QA,QAR,,96.0,14.0,pending_pricing,"Auto-converted from AED"
Pathology,"Tumor Marker - PSA",lab_tumor_psa,SA,SAR,,99.0,15.0,pending_pricing,"Awaiting regional pricing"
Pathology,"Tumor Marker - PSA",lab_tumor_psa,US,USD,,26.0,4.0,pending_pricing,"Awaiting regional pricing"
Pathology,"Tumor Marker Review",,,,,,,,
Pathology,"Tumor markers",LAB_TM,,,,,,,
Pathology,Urinalysis,LAB_UA,AE,AED,,34.0,5.0,pending_pricing,"Awaiting regional pricing"
Pathology,Urinalysis,LAB_UA,BH,BHD,,3.4,0.5,pending_pricing,"Auto-converted from AED"
Pathology,Urinalysis,LAB_UA,EG,EGP,160.0,184.0,27.6,active,
Pathology,Urinalysis,LAB_UA,GB,GBP,,7.0,1.0,pending_pricing,"Awaiting regional pricing"
Pathology,Urinalysis,LAB_UA,KW,KWD,,2.8,0.4,pending_pricing,"Auto-converted from AED"
Pathology,Urinalysis,LAB_UA,OM,OMR,,3.5,0.5,pending_pricing,"Auto-converted from AED"
Pathology,Urinalysis,LAB_UA,QA,QAR,,33.0,5.0,pending_pricing,"Auto-converted from AED"
Pathology,Urinalysis,LAB_UA,SA,SAR,,35.0,5.0,pending_pricing,"Awaiting regional pricing"
Pathology,Urinalysis,LAB_UA,US,USD,,9.0,1.0,pending_pricing,"Awaiting regional pricing"
Pathology,"Urine culture",LAB_UC,AE,AED,,113.0,17.0,pending_pricing,"Awaiting regional pricing"
Pathology,"Urine culture",LAB_UC,BH,BHD,,11.6,1.7,pending_pricing,"Auto-converted from AED"
Pathology,"Urine culture",LAB_UC,EG,EGP,540.0,621.0,93.1,active,
Pathology,"Urine culture",LAB_UC,GB,GBP,,25.0,4.0,pending_pricing,"Awaiting regional pricing"
Pathology,"Urine culture",LAB_UC,KW,KWD,,9.5,1.4,pending_pricing,"Auto-converted from AED"
Pathology,"Urine culture",LAB_UC,OM,OMR,,12.0,1.8,pending_pricing,"Auto-converted from AED"
Pathology,"Urine culture",LAB_UC,QA,QAR,,113.0,17.0,pending_pricing,"Auto-converted from AED"
Pathology,"Urine culture",LAB_UC,SA,SAR,,116.0,17.0,pending_pricing,"Awaiting regional pricing"
Pathology,"Urine culture",LAB_UC,US,USD,,31.0,5.0,pending_pricing,"Awaiting regional pricing"
Pediatrics,"Growth & Development Review",,,,,,,,
Pediatrics,"Pediatric Blood Work Review",,,,,,,,
Pediatrics,"Pediatric X-Ray Review",,,,,,,,
Pulmonology,"Chest CT Review",,,,,,,,
Pulmonology,"Chest X-Ray Review",,,,,,,,
Pulmonology,"Pulmonary Function Test Review",,,,,,,,
Radiology,"Abdomen/Pelvis CT & MRI",RAD_ABDPEL,AE,AED,,1469.0,220.0,pending_pricing,"Awaiting regional pricing"
Radiology,"Abdomen/Pelvis CT & MRI",RAD_ABDPEL,BH,BHD,,150.9,22.6,pending_pricing,"Auto-converted from AED"
Radiology,"Abdomen/Pelvis CT & MRI",RAD_ABDPEL,EG,EGP,7000.0,8050.0,1207.5,active,
Radiology,"Abdomen/Pelvis CT & MRI",RAD_ABDPEL,GB,GBP,,322.0,48.0,pending_pricing,"Awaiting regional pricing"
Radiology,"Abdomen/Pelvis CT & MRI",RAD_ABDPEL,KW,KWD,,122.8,18.4,pending_pricing,"Auto-converted from AED"
Radiology,"Abdomen/Pelvis CT & MRI",RAD_ABDPEL,OM,OMR,,155.0,23.2,pending_pricing,"Auto-converted from AED"
Radiology,"Abdomen/Pelvis CT & MRI",RAD_ABDPEL,QA,QAR,,1459.0,219.0,pending_pricing,"Auto-converted from AED"
Radiology,"Abdomen/Pelvis CT & MRI",RAD_ABDPEL,SA,SAR,,1509.0,226.0,pending_pricing,"Awaiting regional pricing"
Radiology,"Abdomen/Pelvis CT & MRI",RAD_ABDPEL,US,USD,,403.0,60.0,pending_pricing,"Awaiting regional pricing"
Radiology,"CT Scan Review",,AE,AED,,1658.0,249.0,pending_pricing,"Awaiting regional pricing"
Radiology,"CT Scan Review",,BH,BHD,,170.3,25.6,pending_pricing,"Auto-converted from AED"
Radiology,"CT Scan Review",,EG,EGP,7900.0,9085.0,1362.8,active,
Radiology,"CT Scan Review",,GB,GBP,,363.0,55.0,pending_pricing,"Awaiting regional pricing"
Radiology,"CT Scan Review",,KW,KWD,,138.5,20.8,pending_pricing,"Auto-converted from AED"
Radiology,"CT Scan Review",,OM,OMR,,174.9,26.2,pending_pricing,"Auto-converted from AED"
Radiology,"CT Scan Review",,QA,QAR,,1647.0,247.0,pending_pricing,"Auto-converted from AED"
Radiology,"CT Scan Review",,SA,SAR,,1703.0,256.0,pending_pricing,"Awaiting regional pricing"
Radiology,"CT Scan Review",,US,USD,,454.0,68.0,pending_pricing,"Awaiting regional pricing"
Radiology,"CT/MR angiography",RAD_ANGIO,AE,AED,,3190.0,479.0,pending_pricing,"Awaiting regional pricing"
Radiology,"CT/MR angiography",RAD_ANGIO,BH,BHD,,327.8,49.2,pending_pricing,"Auto-converted from AED"
Radiology,"CT/MR angiography",RAD_ANGIO,EG,EGP,15200.0,17480.0,2622.0,active,
Radiology,"CT/MR angiography",RAD_ANGIO,GB,GBP,,699.0,105.0,pending_pricing,"Awaiting regional pricing"
Radiology,"CT/MR angiography",RAD_ANGIO,KW,KWD,,266.6,40.0,pending_pricing,"Auto-converted from AED"
Radiology,"CT/MR angiography",RAD_ANGIO,OM,OMR,,336.5,50.5,pending_pricing,"Auto-converted from AED"
Radiology,"CT/MR angiography",RAD_ANGIO,QA,QAR,,3168.0,475.0,pending_pricing,"Auto-converted from AED"
Radiology,"CT/MR angiography",RAD_ANGIO,SA,SAR,,3278.0,492.0,pending_pricing,"Awaiting regional pricing"
Radiology,"CT/MR angiography",RAD_ANGIO,US,USD,,874.0,131.0,pending_pricing,"Awaiting regional pricing"
Radiology,"Cardiac CT",RAD_CCT,AE,AED,,1448.0,217.0,pending_pricing,"Awaiting regional pricing"
Radiology,"Cardiac CT",RAD_CCT,BH,BHD,,148.8,22.3,pending_pricing,"Auto-converted from AED"
Radiology,"Cardiac CT",RAD_CCT,EG,EGP,6900.0,7935.0,1190.3,active,
Radiology,"Cardiac CT",RAD_CCT,GB,GBP,,317.0,48.0,pending_pricing,"Awaiting regional pricing"
Radiology,"Cardiac CT",RAD_CCT,KW,KWD,,121.0,18.2,pending_pricing,"Auto-converted from AED"
Radiology,"Cardiac CT",RAD_CCT,OM,OMR,,152.7,22.9,pending_pricing,"Auto-converted from AED"
Radiology,"Cardiac CT",RAD_CCT,QA,QAR,,1438.0,216.0,pending_pricing,"Auto-converted from AED"
Radiology,"Cardiac CT",RAD_CCT,SA,SAR,,1488.0,223.0,pending_pricing,"Awaiting regional pricing"
Radiology,"Cardiac CT",RAD_CCT,US,USD,,397.0,60.0,pending_pricing,"Awaiting regional pricing"
Radiology,"Cardiac MRI",RAD_CMR,AE,AED,,1532.0,230.0,pending_pricing,"Awaiting regional pricing"
Radiology,"Cardiac MRI",RAD_CMR,BH,BHD,,157.4,23.6,pending_pricing,"Auto-converted from AED"
Radiology,"Cardiac MRI",RAD_CMR,EG,EGP,7300.0,8395.0,1259.3,active,
Radiology,"Cardiac MRI",RAD_CMR,GB,GBP,,336.0,50.0,pending_pricing,"Awaiting regional pricing"
Radiology,"Cardiac MRI",RAD_CMR,KW,KWD,,128.0,19.2,pending_pricing,"Auto-converted from AED"
Radiology,"Cardiac MRI",RAD_CMR,OM,OMR,,161.6,24.2,pending_pricing,"Auto-converted from AED"
Radiology,"Cardiac MRI",RAD_CMR,QA,QAR,,1522.0,228.0,pending_pricing,"Auto-converted from AED"
Radiology,"Cardiac MRI",RAD_CMR,SA,SAR,,1574.0,236.0,pending_pricing,"Awaiting regional pricing"
Radiology,"Cardiac MRI",RAD_CMR,US,USD,,420.0,63.0,pending_pricing,"Awaiting regional pricing"
Radiology,"Chest X-ray review",RAD_CXR,AE,AED,,116.0,17.0,pending_pricing,"Awaiting regional pricing"
Radiology,"Chest X-ray review",RAD_CXR,BH,BHD,,11.9,1.8,pending_pricing,"Auto-converted from AED"
Radiology,"Chest X-ray review",RAD_CXR,EG,EGP,550.0,633.0,95.0,active,
Radiology,"Chest X-ray review",RAD_CXR,GB,GBP,,25.0,4.0,pending_pricing,"Awaiting regional pricing"
Radiology,"Chest X-ray review",RAD_CXR,KW,KWD,,9.7,1.4,pending_pricing,"Auto-converted from AED"
Radiology,"Chest X-ray review",RAD_CXR,OM,OMR,,12.2,1.8,pending_pricing,"Auto-converted from AED"
Radiology,"Chest X-ray review",RAD_CXR,QA,QAR,,115.0,17.0,pending_pricing,"Auto-converted from AED"
Radiology,"Chest X-ray review",RAD_CXR,SA,SAR,,119.0,18.0,pending_pricing,"Awaiting regional pricing"
Radiology,"Chest X-ray review",RAD_CXR,US,USD,,32.0,5.0,pending_pricing,"Awaiting regional pricing"
Radiology,"MRI Review",,,,,,,,
Radiology,"MRI Scan review",RAD_MRI,AE,AED,,1532.0,230.0,pending_pricing,"Awaiting regional pricing"
Radiology,"MRI Scan review",RAD_MRI,BH,BHD,,157.4,23.6,pending_pricing,"Auto-converted from AED"
Radiology,"MRI Scan review",RAD_MRI,EG,EGP,7300.0,8395.0,1259.3,active,
Radiology,"MRI Scan review",RAD_MRI,GB,GBP,,336.0,50.0,pending_pricing,"Awaiting regional pricing"
Radiology,"MRI Scan review",RAD_MRI,KW,KWD,,128.0,19.2,pending_pricing,"Auto-converted from AED"
Radiology,"MRI Scan review",RAD_MRI,OM,OMR,,161.6,24.2,pending_pricing,"Auto-converted from AED"
Radiology,"MRI Scan review",RAD_MRI,QA,QAR,,1522.0,228.0,pending_pricing,"Auto-converted from AED"
Radiology,"MRI Scan review",RAD_MRI,SA,SAR,,1574.0,236.0,pending_pricing,"Awaiting regional pricing"
Radiology,"MRI Scan review",RAD_MRI,US,USD,,420.0,63.0,pending_pricing,"Awaiting regional pricing"
Radiology,"Mammogram Review",,,,,,,,
Radiology,"Musculoskeletal imaging",RAD_MSK,AE,AED,,336.0,50.0,pending_pricing,"Awaiting regional pricing"
Radiology,"Musculoskeletal imaging",RAD_MSK,BH,BHD,,34.5,5.2,pending_pricing,"Auto-converted from AED"
Radiology,"Musculoskeletal imaging",RAD_MSK,EG,EGP,1600.0,1840.0,276.0,active,
Radiology,"Musculoskeletal imaging",RAD_MSK,GB,GBP,,74.0,11.0,pending_pricing,"Awaiting regional pricing"
Radiology,"Musculoskeletal imaging",RAD_MSK,KW,KWD,,28.1,4.2,pending_pricing,"Auto-converted from AED"
Radiology,"Musculoskeletal imaging",RAD_MSK,OM,OMR,,35.4,5.3,pending_pricing,"Auto-converted from AED"
Radiology,"Musculoskeletal imaging",RAD_MSK,QA,QAR,,333.0,50.0,pending_pricing,"Auto-converted from AED"
Radiology,"Musculoskeletal imaging",RAD_MSK,SA,SAR,,345.0,52.0,pending_pricing,"Awaiting regional pricing"
Radiology,"Musculoskeletal imaging",RAD_MSK,US,USD,,92.0,14.0,pending_pricing,"Awaiting regional pricing"
Radiology,"Neuro-imaging (brain CT/MRI)",RAD_NEURO,AE,AED,,955.0,143.0,pending_pricing,"Awaiting regional pricing"
Radiology,"Neuro-imaging (brain CT/MRI)",RAD_NEURO,BH,BHD,,98.1,14.7,pending_pricing,"Auto-converted from AED"
Radiology,"Neuro-imaging (brain CT/MRI)",RAD_NEURO,EG,EGP,4550.0,5233.0,784.9,active,
Radiology,"Neuro-imaging (brain CT/MRI)",RAD_NEURO,GB,GBP,,209.0,31.0,pending_pricing,"Awaiting regional pricing"
Radiology,"Neuro-imaging (brain CT/MRI)",RAD_NEURO,KW,KWD,,79.8,12.0,pending_pricing,"Auto-converted from AED"
Radiology,"Neuro-imaging (brain CT/MRI)",RAD_NEURO,OM,OMR,,100.7,15.1,pending_pricing,"Auto-converted from AED"
Radiology,"Neuro-imaging (brain CT/MRI)",RAD_NEURO,QA,QAR,,948.0,142.0,pending_pricing,"Auto-converted from AED"
Radiology,"Neuro-imaging (brain CT/MRI)",RAD_NEURO,SA,SAR,,981.0,147.0,pending_pricing,"Awaiting regional pricing"
Radiology,"Neuro-imaging (brain CT/MRI)",RAD_NEURO,US,USD,,262.0,39.0,pending_pricing,"Awaiting regional pricing"
Radiology,"Oncology imaging (PET-CT, staging)",RAD_PETCT,AE,AED,,,,pending_pricing,"Awaiting regional pricing"
Radiology,"Oncology imaging (PET-CT, staging)",RAD_PETCT,BH,BHD,,,,pending_pricing,"Auto-converted from AED"
Radiology,"Oncology imaging (PET-CT, staging)",RAD_PETCT,EG,EGP,,,,not_available,
Radiology,"Oncology imaging (PET-CT, staging)",RAD_PETCT,GB,GBP,,,,pending_pricing,"Awaiting regional pricing"
Radiology,"Oncology imaging (PET-CT, staging)",RAD_PETCT,KW,KWD,,,,pending_pricing,"Auto-converted from AED"
Radiology,"Oncology imaging (PET-CT, staging)",RAD_PETCT,OM,OMR,,,,pending_pricing,"Auto-converted from AED"
Radiology,"Oncology imaging (PET-CT, staging)",RAD_PETCT,QA,QAR,,,,pending_pricing,"Auto-converted from AED"
Radiology,"Oncology imaging (PET-CT, staging)",RAD_PETCT,SA,SAR,,,,pending_pricing,"Awaiting regional pricing"
Radiology,"Oncology imaging (PET-CT, staging)",RAD_PETCT,US,USD,,,,pending_pricing,"Awaiting regional pricing"
Radiology,"Spine MRI",RAD_SPINE,AE,AED,,1700.0,255.0,pending_pricing,"Awaiting regional pricing"
Radiology,"Spine MRI",RAD_SPINE,BH,BHD,,174.7,26.2,pending_pricing,"Auto-converted from AED"
Radiology,"Spine MRI",RAD_SPINE,EG,EGP,8100.0,9315.0,1397.3,active,
Radiology,"Spine MRI",RAD_SPINE,GB,GBP,,373.0,56.0,pending_pricing,"Awaiting regional pricing"
Radiology,"Spine MRI",RAD_SPINE,KW,KWD,,142.1,21.3,pending_pricing,"Auto-converted from AED"
Radiology,"Spine MRI",RAD_SPINE,OM,OMR,,179.3,26.9,pending_pricing,"Auto-converted from AED"
Radiology,"Spine MRI",RAD_SPINE,QA,QAR,,1688.0,253.0,pending_pricing,"Auto-converted from AED"
Radiology,"Spine MRI",RAD_SPINE,SA,SAR,,1747.0,262.0,pending_pricing,"Awaiting regional pricing"
Radiology,"Spine MRI",RAD_SPINE,US,USD,,466.0,70.0,pending_pricing,"Awaiting regional pricing"
Radiology,"Ultrasound (image review)",RAD_US,AE,AED,,315.0,47.0,pending_pricing,"Awaiting regional pricing"
Radiology,"Ultrasound (image review)",RAD_US,BH,BHD,,32.3,4.9,pending_pricing,"Auto-converted from AED"
Radiology,"Ultrasound (image review)",RAD_US,EG,EGP,1500.0,1725.0,258.8,active,
Radiology,"Ultrasound (image review)",RAD_US,GB,GBP,,69.0,10.0,pending_pricing,"Awaiting regional pricing"
Radiology,"Ultrasound (image review)",RAD_US,KW,KWD,,26.3,3.9,pending_pricing,"Auto-converted from AED"
Radiology,"Ultrasound (image review)",RAD_US,OM,OMR,,33.2,5.0,pending_pricing,"Auto-converted from AED"
Radiology,"Ultrasound (image review)",RAD_US,QA,QAR,,313.0,47.0,pending_pricing,"Auto-converted from AED"
Radiology,"Ultrasound (image review)",RAD_US,SA,SAR,,323.0,49.0,pending_pricing,"Awaiting regional pricing"
Radiology,"Ultrasound (image review)",RAD_US,US,USD,,86.0,13.0,pending_pricing,"Awaiting regional pricing"
Radiology,"Ultrasound Review",,,,,,,,
Radiology,"X-Ray Review",,,,,,,,
Urology,"Kidney Ultrasound Review",,,,,,,,
Urology,"PSA / Prostate Review",,,,,,,,
Urology,"Urinalysis Review",,,,,,,,
